Copyright 1986-2022 Xilinx, Inc. All Rights Reserved. Copyright 2022-2026 Advanced Micro Devices, Inc. All Rights Reserved.
------------------------------------------------------------------------------------------------------------------------------------------------------------------------------------------------------------------------------------------------------------
| Tool Version : Vivado v.2026.1 (win64) Build 6511674 Tue Jun 16 11:02:23 MDT 2026
| Date         : Wed Aug 26 13:39:18 2026
| Host         : lisen running 64-bit major release  (build 9200)
| Command      : report_timing_summary -max_paths 10 -routable_nets -report_unconstrained -file int8_gemm_serial_timing_summary_routed.rpt -pb int8_gemm_serial_timing_summary_routed.pb -rpx int8_gemm_serial_timing_summary_routed.rpx -warn_on_violation
| Design       : int8_gemm_serial
| Device       : 7z020-clg484
| Speed File   : -1  PRODUCTION 1.12 2019-11-22
| Design State : Routed
------------------------------------------------------------------------------------------------------------------------------------------------------------------------------------------------------------------------------------------------------------

Timing Summary Report

------------------------------------------------------------------------------------------------
| Timer Settings
| --------------
------------------------------------------------------------------------------------------------

  Enable Multi Corner Analysis               :  Yes
  Enable Pessimism Removal                   :  Yes
  Pessimism Removal Resolution               :  Nearest Common Node
  Enable Input Delay Default Clock           :  No
  Enable Preset / Clear Arcs                 :  No
  Disable Flight Delays                      :  No
  Ignore I/O Paths                           :  No
  Timing Early Launch at Borrowing Latches   :  No
  Borrow Time for Max Delay Exceptions       :  Yes
  Merge Timing Exceptions                    :  Yes
  Inter-SLR Compensation                     :  Conservative

  Corner  Analyze    Analyze    
  Name    Max Paths  Min Paths  
  ------  ---------  ---------  
  Slow    Yes        Yes        
  Fast    Yes        Yes        


------------------------------------------------------------------------------------------------
| Report Methodology
| ------------------
------------------------------------------------------------------------------------------------

Rule       Severity  Description                    Violations  
---------  --------  -----------------------------  ----------  
SYNTH-9    Warning   Small multiplier               12          
TIMING-18  Warning   Missing input or output delay  74          

Note: This report is based on the most recent report_methodology run and may not be up-to-date. Run report_methodology on the current design for the latest report.



check_timing report

Table of Contents
-----------------
1. checking no_clock (0)
2. checking constant_clock (0)
3. checking pulse_width_clock (0)
4. checking unconstrained_internal_endpoints (0)
5. checking no_input_delay (32)
6. checking no_output_delay (42)
7. checking multiple_clock (0)
8. checking generated_clocks (0)
9. checking loops (0)
10. checking partial_input_delay (0)
11. checking partial_output_delay (0)
12. checking latch_loops (0)

1. checking no_clock (0)
------------------------
 There are 0 register/latch pins with no clock.


2. checking constant_clock (0)
------------------------------
 There are 0 register/latch pins with constant_clock.


3. checking pulse_width_clock (0)
---------------------------------
 There are 0 register/latch pins which need pulse_width check


4. checking unconstrained_internal_endpoints (0)
------------------------------------------------
 There are 0 pins that are not constrained for maximum delay.

 There are 0 pins that are not constrained for maximum delay due to constant clock.


5. checking no_input_delay (32)
-------------------------------
 There are 32 input ports with no input delay specified. (HIGH)

 There are 0 input ports with no input delay but user has a false path constraint.


6. checking no_output_delay (42)
--------------------------------
 There are 42 ports with no output delay specified. (HIGH)

 There are 0 ports with no output delay but user has a false path constraint

 There are 0 ports with no output delay but with a timing clock defined on it or propagating through it


7. checking multiple_clock (0)
------------------------------
 There are 0 register/latch pins with multiple clocks.


8. checking generated_clocks (0)
--------------------------------
 There are 0 generated clocks that are not connected to a clock source.


9. checking loops (0)
---------------------
 There are 0 combinational loops in the design.


10. checking partial_input_delay (0)
------------------------------------
 There are 0 input ports with partial input delay specified.


11. checking partial_output_delay (0)
-------------------------------------
 There are 0 ports with partial output delay specified.


12. checking latch_loops (0)
----------------------------
 There are 0 combinational latch loops in the design through latch input



------------------------------------------------------------------------------------------------
| Design Timing Summary
| ---------------------
------------------------------------------------------------------------------------------------

    WNS(ns)      TNS(ns)  TNS Failing Endpoints  TNS Total Endpoints      WHS(ns)      THS(ns)  THS Failing Endpoints  THS Total Endpoints     WPWS(ns)     TPWS(ns)  TPWS Failing Endpoints  TPWS Total Endpoints  
    -------      -------  ---------------------  -------------------      -------      -------  ---------------------  -------------------     --------     --------  ----------------------  --------------------  
      2.682        0.000                      0                  585        0.024        0.000                      0                  585        3.750        0.000                       0                   227  


All user specified timing constraints are met.


------------------------------------------------------------------------------------------------
| Clock Summary
| -------------
------------------------------------------------------------------------------------------------

Clock  Waveform(ns)       Period(ns)      Frequency(MHz)
-----  ------------       ----------      --------------
clk    {0.000 5.000}      10.000          100.000         


------------------------------------------------------------------------------------------------
| Intra Clock Table
| -----------------
------------------------------------------------------------------------------------------------

Clock             WNS(ns)      TNS(ns)  TNS Failing Endpoints  TNS Total Endpoints      WHS(ns)      THS(ns)  THS Failing Endpoints  THS Total Endpoints     WPWS(ns)     TPWS(ns)  TPWS Failing Endpoints  TPWS Total Endpoints  
-----             -------      -------  ---------------------  -------------------      -------      -------  ---------------------  -------------------     --------     --------  ----------------------  --------------------  
clk                 2.682        0.000                      0                  585        0.024        0.000                      0                  585        3.750        0.000                       0                   227  


------------------------------------------------------------------------------------------------
| Inter Clock Table
| -----------------
------------------------------------------------------------------------------------------------

From Clock    To Clock          WNS(ns)      TNS(ns)  TNS Failing Endpoints  TNS Total Endpoints      WHS(ns)      THS(ns)  THS Failing Endpoints  THS Total Endpoints  
----------    --------          -------      -------  ---------------------  -------------------      -------      -------  ---------------------  -------------------  


------------------------------------------------------------------------------------------------
| Other Path Groups Table
| -----------------------
------------------------------------------------------------------------------------------------

Path Group    From Clock    To Clock          WNS(ns)      TNS(ns)  TNS Failing Endpoints  TNS Total Endpoints      WHS(ns)      THS(ns)  THS Failing Endpoints  THS Total Endpoints  
----------    ----------    --------          -------      -------  ---------------------  -------------------      -------      -------  ---------------------  -------------------  


------------------------------------------------------------------------------------------------
| User Ignored Path Table
| -----------------------
------------------------------------------------------------------------------------------------

Path Group    From Clock    To Clock    
----------    ----------    --------    


------------------------------------------------------------------------------------------------
| Unconstrained Path Table
| ------------------------
------------------------------------------------------------------------------------------------

Path Group    From Clock    To Clock    
----------    ----------    --------    
(none)                                    
(none)        clk                         
(none)                      clk           


------------------------------------------------------------------------------------------------
| Timing Details
| --------------
------------------------------------------------------------------------------------------------


---------------------------------------------------------------------------------------------------
From Clock:  clk
  To Clock:  clk

Setup :            0  Failing Endpoints,  Worst Slack        2.682ns,  Total Violation        0.000ns
Hold  :            0  Failing Endpoints,  Worst Slack        0.024ns,  Total Violation        0.000ns
PW    :            0  Failing Endpoints,  Worst Slack        3.750ns,  Total Violation        0.000ns
---------------------------------------------------------------------------------------------------


Max Delay Paths
--------------------------------------------------------------------------------------
Slack (MET) :             2.682ns  (required time - arrival time)
  Source:                 b_read_addr_reg[1]/C
                            (rising edge-triggered cell FDRE clocked by clk  {rise@0.000ns fall@5.000ns period=10.000ns})
  Destination:            u_dot_product/u_mac/product_s1_reg[13]/D
                            (rising edge-triggered cell FDRE clocked by clk  {rise@0.000ns fall@5.000ns period=10.000ns})
  Path Group:             clk
  Path Type:              Setup (Max at Slow Process Corner)
  Requirement:            10.000ns  (clk rise@10.000ns - clk rise@0.000ns)
  Data Path Delay:        7.285ns  (logic 3.301ns (45.309%)  route 3.984ns (54.691%))
  Logic Levels:           9  (CARRY4=4 LUT2=1 LUT3=1 LUT4=1 LUT6=1 RAMD64E=1)
  Clock Path Skew:        -0.059ns (DCD - SCD + CPR)
    Destination Clock Delay (DCD):    4.580ns = ( 14.580 - 10.000 ) 
    Source Clock Delay      (SCD):    5.097ns
    Clock Pessimism Removal (CPR):    0.458ns
  Clock Uncertainty:      0.035ns  ((TSJ^2 + TIJ^2)^1/2 + DJ) / 2 + PE
    Total System Jitter     (TSJ):    0.071ns
    Total Input Jitter      (TIJ):    0.000ns
    Discrete Jitter          (DJ):    0.000ns
    Phase Error              (PE):    0.000ns

    Location             Delay type                Incr(ns)  Path(ns)    Netlist Resource(s)
  -------------------------------------------------------------------    -------------------
                         (clock clk rise edge)        0.000     0.000 r  <hidden>
    AA9                                               0.000     0.000 r  clk
                         net (fo=0)                   0.000     0.000    clk
    AA9                  IBUF (Prop_ibuf_I_O)         1.008     1.008 r  clk_IBUF_inst/O
                         net (fo=1, routed)           2.171     3.179    clk_IBUF
    BUFGCTRL_X0Y0        BUFG (Prop_bufg_I_O)         0.101     3.280 r  clk_IBUF_BUFG_inst/O
                         net (fo=226, routed)         1.817     5.097    clk_IBUF_BUFG
    SLICE_X3Y26          FDRE                                         r  b_read_addr_reg[1]/C
  -------------------------------------------------------------------    -------------------
    SLICE_X3Y26          FDRE (Prop_fdre_C_Q)         0.456     5.553 r  b_read_addr_reg[1]/Q
                         net (fo=12, routed)          1.076     6.629    b_mem_reg_0_63_0_2/ADDRA1
    SLICE_X2Y26          RAMD64E (Prop_ramd64e_RADR1_O)
                                                      0.124     6.753 f  b_mem_reg_0_63_0_2/RAMA/O
                         net (fo=16, routed)          1.070     7.823    u_dot_product/u_mac/dot_s_b[0]
    SLICE_X4Y23          LUT2 (Prop_lut2_I1_O)        0.150     7.973 r  u_dot_product/u_mac/product_s1[2]_i_9/O
                         net (fo=1, routed)           0.346     8.319    u_dot_product/u_mac/product_s1[2]_i_9_n_0
    SLICE_X5Y23          LUT6 (Prop_lut6_I1_O)        0.328     8.647 r  u_dot_product/u_mac/product_s1[2]_i_5/O
                         net (fo=1, routed)           0.000     8.647    u_dot_product/u_mac/product_s1[2]_i_5_n_0
    SLICE_X5Y23          CARRY4 (Prop_carry4_S[3]_CO[3])
                                                      0.401     9.048 r  u_dot_product/u_mac/product_s1_reg[2]_i_1/CO[3]
                         net (fo=1, routed)           0.000     9.048    u_dot_product/u_mac/product_s1_reg[2]_i_1_n_0
    SLICE_X5Y24          CARRY4 (Prop_carry4_CI_O[3])
                                                      0.313     9.361 r  u_dot_product/u_mac/product_s1_reg[11]_i_13/O[3]
                         net (fo=2, routed)           0.847    10.208    u_dot_product/u_mac/product_s1_reg[11]_i_13_n_4
    SLICE_X5Y26          LUT3 (Prop_lut3_I2_O)        0.331    10.539 r  u_dot_product/u_mac/product_s1[11]_i_5/O
                         net (fo=2, routed)           0.645    11.184    u_dot_product/u_mac/product_s1[11]_i_5_n_0
    SLICE_X5Y27          LUT4 (Prop_lut4_I3_O)        0.332    11.516 r  u_dot_product/u_mac/product_s1[11]_i_9/O
                         net (fo=1, routed)           0.000    11.516    u_dot_product/u_mac/product_s1[11]_i_9_n_0
    SLICE_X5Y27          CARRY4 (Prop_carry4_S[0]_CO[3])
                                                      0.532    12.048 r  u_dot_product/u_mac/product_s1_reg[11]_i_1/CO[3]
                         net (fo=1, routed)           0.000    12.048    u_dot_product/u_mac/product_s1_reg[11]_i_1_n_0
    SLICE_X5Y28          CARRY4 (Prop_carry4_CI_O[1])
                                                      0.334    12.382 r  u_dot_product/u_mac/product_s1_reg[15]_i_3/O[1]
                         net (fo=1, routed)           0.000    12.382    u_dot_product/u_mac/product_s10[13]
    SLICE_X5Y28          FDRE                                         r  u_dot_product/u_mac/product_s1_reg[13]/D
  -------------------------------------------------------------------    -------------------

                         (clock clk rise edge)       10.000    10.000 r  <hidden>
    AA9                                               0.000    10.000 r  clk
                         net (fo=0)                   0.000    10.000    clk
    AA9                  IBUF (Prop_ibuf_I_O)         0.874    10.874 r  clk_IBUF_inst/O
                         net (fo=1, routed)           1.972    12.846    clk_IBUF
    BUFGCTRL_X0Y0        BUFG (Prop_bufg_I_O)         0.091    12.937 r  clk_IBUF_BUFG_inst/O
                         net (fo=226, routed)         1.643    14.580    u_dot_product/u_mac/clk_IBUF_BUFG
    SLICE_X5Y28          FDRE                                         r  u_dot_product/u_mac/product_s1_reg[13]/C
                         clock pessimism              0.458    15.038    <hidden>
                         clock uncertainty           -0.035    15.002    <hidden>
    SLICE_X5Y28          FDRE (Setup_fdre_C_D)        0.062    15.064    u_dot_product/u_mac/product_s1_reg[13]
  -------------------------------------------------------------------
                         required time                         15.064    <hidden>
                         arrival time                         -12.382    <hidden>
  -------------------------------------------------------------------
                         slack                                  2.682    <hidden>

Slack (MET) :             2.703ns  (required time - arrival time)
  Source:                 b_read_addr_reg[1]/C
                            (rising edge-triggered cell FDRE clocked by clk  {rise@0.000ns fall@5.000ns period=10.000ns})
  Destination:            u_dot_product/u_mac/product_s1_reg[15]/D
                            (rising edge-triggered cell FDRE clocked by clk  {rise@0.000ns fall@5.000ns period=10.000ns})
  Path Group:             clk
  Path Type:              Setup (Max at Slow Process Corner)
  Requirement:            10.000ns  (clk rise@10.000ns - clk rise@0.000ns)
  Data Path Delay:        7.264ns  (logic 3.280ns (45.151%)  route 3.984ns (54.849%))
  Logic Levels:           9  (CARRY4=4 LUT2=1 LUT3=1 LUT4=1 LUT6=1 RAMD64E=1)
  Clock Path Skew:        -0.059ns (DCD - SCD + CPR)
    Destination Clock Delay (DCD):    4.580ns = ( 14.580 - 10.000 ) 
    Source Clock Delay      (SCD):    5.097ns
    Clock Pessimism Removal (CPR):    0.458ns
  Clock Uncertainty:      0.035ns  ((TSJ^2 + TIJ^2)^1/2 + DJ) / 2 + PE
    Total System Jitter     (TSJ):    0.071ns
    Total Input Jitter      (TIJ):    0.000ns
    Discrete Jitter          (DJ):    0.000ns
    Phase Error              (PE):    0.000ns

    Location             Delay type                Incr(ns)  Path(ns)    Netlist Resource(s)
  -------------------------------------------------------------------    -------------------
                         (clock clk rise edge)        0.000     0.000 r  <hidden>
    AA9                                               0.000     0.000 r  clk
                         net (fo=0)                   0.000     0.000    clk
    AA9                  IBUF (Prop_ibuf_I_O)         1.008     1.008 r  clk_IBUF_inst/O
                         net (fo=1, routed)           2.171     3.179    clk_IBUF
    BUFGCTRL_X0Y0        BUFG (Prop_bufg_I_O)         0.101     3.280 r  clk_IBUF_BUFG_inst/O
                         net (fo=226, routed)         1.817     5.097    clk_IBUF_BUFG
    SLICE_X3Y26          FDRE                                         r  b_read_addr_reg[1]/C
  -------------------------------------------------------------------    -------------------
    SLICE_X3Y26          FDRE (Prop_fdre_C_Q)         0.456     5.553 r  b_read_addr_reg[1]/Q
                         net (fo=12, routed)          1.076     6.629    b_mem_reg_0_63_0_2/ADDRA1
    SLICE_X2Y26          RAMD64E (Prop_ramd64e_RADR1_O)
                                                      0.124     6.753 f  b_mem_reg_0_63_0_2/RAMA/O
                         net (fo=16, routed)          1.070     7.823    u_dot_product/u_mac/dot_s_b[0]
    SLICE_X4Y23          LUT2 (Prop_lut2_I1_O)        0.150     7.973 r  u_dot_product/u_mac/product_s1[2]_i_9/O
                         net (fo=1, routed)           0.346     8.319    u_dot_product/u_mac/product_s1[2]_i_9_n_0
    SLICE_X5Y23          LUT6 (Prop_lut6_I1_O)        0.328     8.647 r  u_dot_product/u_mac/product_s1[2]_i_5/O
                         net (fo=1, routed)           0.000     8.647    u_dot_product/u_mac/product_s1[2]_i_5_n_0
    SLICE_X5Y23          CARRY4 (Prop_carry4_S[3]_CO[3])
                                                      0.401     9.048 r  u_dot_product/u_mac/product_s1_reg[2]_i_1/CO[3]
                         net (fo=1, routed)           0.000     9.048    u_dot_product/u_mac/product_s1_reg[2]_i_1_n_0
    SLICE_X5Y24          CARRY4 (Prop_carry4_CI_O[3])
                                                      0.313     9.361 r  u_dot_product/u_mac/product_s1_reg[11]_i_13/O[3]
                         net (fo=2, routed)           0.847    10.208    u_dot_product/u_mac/product_s1_reg[11]_i_13_n_4
    SLICE_X5Y26          LUT3 (Prop_lut3_I2_O)        0.331    10.539 r  u_dot_product/u_mac/product_s1[11]_i_5/O
                         net (fo=2, routed)           0.645    11.184    u_dot_product/u_mac/product_s1[11]_i_5_n_0
    SLICE_X5Y27          LUT4 (Prop_lut4_I3_O)        0.332    11.516 r  u_dot_product/u_mac/product_s1[11]_i_9/O
                         net (fo=1, routed)           0.000    11.516    u_dot_product/u_mac/product_s1[11]_i_9_n_0
    SLICE_X5Y27          CARRY4 (Prop_carry4_S[0]_CO[3])
                                                      0.532    12.048 r  u_dot_product/u_mac/product_s1_reg[11]_i_1/CO[3]
                         net (fo=1, routed)           0.000    12.048    u_dot_product/u_mac/product_s1_reg[11]_i_1_n_0
    SLICE_X5Y28          CARRY4 (Prop_carry4_CI_O[3])
                                                      0.313    12.361 r  u_dot_product/u_mac/product_s1_reg[15]_i_3/O[3]
                         net (fo=1, routed)           0.000    12.361    u_dot_product/u_mac/product_s10[15]
    SLICE_X5Y28          FDRE                                         r  u_dot_product/u_mac/product_s1_reg[15]/D
  -------------------------------------------------------------------    -------------------

                         (clock clk rise edge)       10.000    10.000 r  <hidden>
    AA9                                               0.000    10.000 r  clk
                         net (fo=0)                   0.000    10.000    clk
    AA9                  IBUF (Prop_ibuf_I_O)         0.874    10.874 r  clk_IBUF_inst/O
                         net (fo=1, routed)           1.972    12.846    clk_IBUF
    BUFGCTRL_X0Y0        BUFG (Prop_bufg_I_O)         0.091    12.937 r  clk_IBUF_BUFG_inst/O
                         net (fo=226, routed)         1.643    14.580    u_dot_product/u_mac/clk_IBUF_BUFG
    SLICE_X5Y28          FDRE                                         r  u_dot_product/u_mac/product_s1_reg[15]/C
                         clock pessimism              0.458    15.038    <hidden>
                         clock uncertainty           -0.035    15.002    <hidden>
    SLICE_X5Y28          FDRE (Setup_fdre_C_D)        0.062    15.064    u_dot_product/u_mac/product_s1_reg[15]
  -------------------------------------------------------------------
                         required time                         15.064    <hidden>
                         arrival time                         -12.361    <hidden>
  -------------------------------------------------------------------
                         slack                                  2.703    <hidden>

Slack (MET) :             2.777ns  (required time - arrival time)
  Source:                 b_read_addr_reg[1]/C
                            (rising edge-triggered cell FDRE clocked by clk  {rise@0.000ns fall@5.000ns period=10.000ns})
  Destination:            u_dot_product/u_mac/product_s1_reg[14]/D
                            (rising edge-triggered cell FDRE clocked by clk  {rise@0.000ns fall@5.000ns period=10.000ns})
  Path Group:             clk
  Path Type:              Setup (Max at Slow Process Corner)
  Requirement:            10.000ns  (clk rise@10.000ns - clk rise@0.000ns)
  Data Path Delay:        7.190ns  (logic 3.206ns (44.587%)  route 3.984ns (55.413%))
  Logic Levels:           9  (CARRY4=4 LUT2=1 LUT3=1 LUT4=1 LUT6=1 RAMD64E=1)
  Clock Path Skew:        -0.059ns (DCD - SCD + CPR)
    Destination Clock Delay (DCD):    4.580ns = ( 14.580 - 10.000 ) 
    Source Clock Delay      (SCD):    5.097ns
    Clock Pessimism Removal (CPR):    0.458ns
  Clock Uncertainty:      0.035ns  ((TSJ^2 + TIJ^2)^1/2 + DJ) / 2 + PE
    Total System Jitter     (TSJ):    0.071ns
    Total Input Jitter      (TIJ):    0.000ns
    Discrete Jitter          (DJ):    0.000ns
    Phase Error              (PE):    0.000ns

    Location             Delay type                Incr(ns)  Path(ns)    Netlist Resource(s)
  -------------------------------------------------------------------    -------------------
                         (clock clk rise edge)        0.000     0.000 r  <hidden>
    AA9                                               0.000     0.000 r  clk
                         net (fo=0)                   0.000     0.000    clk
    AA9                  IBUF (Prop_ibuf_I_O)         1.008     1.008 r  clk_IBUF_inst/O
                         net (fo=1, routed)           2.171     3.179    clk_IBUF
    BUFGCTRL_X0Y0        BUFG (Prop_bufg_I_O)         0.101     3.280 r  clk_IBUF_BUFG_inst/O
                         net (fo=226, routed)         1.817     5.097    clk_IBUF_BUFG
    SLICE_X3Y26          FDRE                                         r  b_read_addr_reg[1]/C
  -------------------------------------------------------------------    -------------------
    SLICE_X3Y26          FDRE (Prop_fdre_C_Q)         0.456     5.553 r  b_read_addr_reg[1]/Q
                         net (fo=12, routed)          1.076     6.629    b_mem_reg_0_63_0_2/ADDRA1
    SLICE_X2Y26          RAMD64E (Prop_ramd64e_RADR1_O)
                                                      0.124     6.753 f  b_mem_reg_0_63_0_2/RAMA/O
                         net (fo=16, routed)          1.070     7.823    u_dot_product/u_mac/dot_s_b[0]
    SLICE_X4Y23          LUT2 (Prop_lut2_I1_O)        0.150     7.973 r  u_dot_product/u_mac/product_s1[2]_i_9/O
                         net (fo=1, routed)           0.346     8.319    u_dot_product/u_mac/product_s1[2]_i_9_n_0
    SLICE_X5Y23          LUT6 (Prop_lut6_I1_O)        0.328     8.647 r  u_dot_product/u_mac/product_s1[2]_i_5/O
                         net (fo=1, routed)           0.000     8.647    u_dot_product/u_mac/product_s1[2]_i_5_n_0
    SLICE_X5Y23          CARRY4 (Prop_carry4_S[3]_CO[3])
                                                      0.401     9.048 r  u_dot_product/u_mac/product_s1_reg[2]_i_1/CO[3]
                         net (fo=1, routed)           0.000     9.048    u_dot_product/u_mac/product_s1_reg[2]_i_1_n_0
    SLICE_X5Y24          CARRY4 (Prop_carry4_CI_O[3])
                                                      0.313     9.361 r  u_dot_product/u_mac/product_s1_reg[11]_i_13/O[3]
                         net (fo=2, routed)           0.847    10.208    u_dot_product/u_mac/product_s1_reg[11]_i_13_n_4
    SLICE_X5Y26          LUT3 (Prop_lut3_I2_O)        0.331    10.539 r  u_dot_product/u_mac/product_s1[11]_i_5/O
                         net (fo=2, routed)           0.645    11.184    u_dot_product/u_mac/product_s1[11]_i_5_n_0
    SLICE_X5Y27          LUT4 (Prop_lut4_I3_O)        0.332    11.516 r  u_dot_product/u_mac/product_s1[11]_i_9/O
                         net (fo=1, routed)           0.000    11.516    u_dot_product/u_mac/product_s1[11]_i_9_n_0
    SLICE_X5Y27          CARRY4 (Prop_carry4_S[0]_CO[3])
                                                      0.532    12.048 r  u_dot_product/u_mac/product_s1_reg[11]_i_1/CO[3]
                         net (fo=1, routed)           0.000    12.048    u_dot_product/u_mac/product_s1_reg[11]_i_1_n_0
    SLICE_X5Y28          CARRY4 (Prop_carry4_CI_O[2])
                                                      0.239    12.287 r  u_dot_product/u_mac/product_s1_reg[15]_i_3/O[2]
                         net (fo=1, routed)           0.000    12.287    u_dot_product/u_mac/product_s10[14]
    SLICE_X5Y28          FDRE                                         r  u_dot_product/u_mac/product_s1_reg[14]/D
  -------------------------------------------------------------------    -------------------

                         (clock clk rise edge)       10.000    10.000 r  <hidden>
    AA9                                               0.000    10.000 r  clk
                         net (fo=0)                   0.000    10.000    clk
    AA9                  IBUF (Prop_ibuf_I_O)         0.874    10.874 r  clk_IBUF_inst/O
                         net (fo=1, routed)           1.972    12.846    clk_IBUF
    BUFGCTRL_X0Y0        BUFG (Prop_bufg_I_O)         0.091    12.937 r  clk_IBUF_BUFG_inst/O
                         net (fo=226, routed)         1.643    14.580    u_dot_product/u_mac/clk_IBUF_BUFG
    SLICE_X5Y28          FDRE                                         r  u_dot_product/u_mac/product_s1_reg[14]/C
                         clock pessimism              0.458    15.038    <hidden>
                         clock uncertainty           -0.035    15.002    <hidden>
    SLICE_X5Y28          FDRE (Setup_fdre_C_D)        0.062    15.064    u_dot_product/u_mac/product_s1_reg[14]
  -------------------------------------------------------------------
                         required time                         15.064    <hidden>
                         arrival time                         -12.287    <hidden>
  -------------------------------------------------------------------
                         slack                                  2.777    <hidden>

Slack (MET) :             2.793ns  (required time - arrival time)
  Source:                 b_read_addr_reg[1]/C
                            (rising edge-triggered cell FDRE clocked by clk  {rise@0.000ns fall@5.000ns period=10.000ns})
  Destination:            u_dot_product/u_mac/product_s1_reg[12]/D
                            (rising edge-triggered cell FDRE clocked by clk  {rise@0.000ns fall@5.000ns period=10.000ns})
  Path Group:             clk
  Path Type:              Setup (Max at Slow Process Corner)
  Requirement:            10.000ns  (clk rise@10.000ns - clk rise@0.000ns)
  Data Path Delay:        7.174ns  (logic 3.190ns (44.463%)  route 3.984ns (55.537%))
  Logic Levels:           9  (CARRY4=4 LUT2=1 LUT3=1 LUT4=1 LUT6=1 RAMD64E=1)
  Clock Path Skew:        -0.059ns (DCD - SCD + CPR)
    Destination Clock Delay (DCD):    4.580ns = ( 14.580 - 10.000 ) 
    Source Clock Delay      (SCD):    5.097ns
    Clock Pessimism Removal (CPR):    0.458ns
  Clock Uncertainty:      0.035ns  ((TSJ^2 + TIJ^2)^1/2 + DJ) / 2 + PE
    Total System Jitter     (TSJ):    0.071ns
    Total Input Jitter      (TIJ):    0.000ns
    Discrete Jitter          (DJ):    0.000ns
    Phase Error              (PE):    0.000ns

    Location             Delay type                Incr(ns)  Path(ns)    Netlist Resource(s)
  -------------------------------------------------------------------    -------------------
                         (clock clk rise edge)        0.000     0.000 r  <hidden>
    AA9                                               0.000     0.000 r  clk
                         net (fo=0)                   0.000     0.000    clk
    AA9                  IBUF (Prop_ibuf_I_O)         1.008     1.008 r  clk_IBUF_inst/O
                         net (fo=1, routed)           2.171     3.179    clk_IBUF
    BUFGCTRL_X0Y0        BUFG (Prop_bufg_I_O)         0.101     3.280 r  clk_IBUF_BUFG_inst/O
                         net (fo=226, routed)         1.817     5.097    clk_IBUF_BUFG
    SLICE_X3Y26          FDRE                                         r  b_read_addr_reg[1]/C
  -------------------------------------------------------------------    -------------------
    SLICE_X3Y26          FDRE (Prop_fdre_C_Q)         0.456     5.553 r  b_read_addr_reg[1]/Q
                         net (fo=12, routed)          1.076     6.629    b_mem_reg_0_63_0_2/ADDRA1
    SLICE_X2Y26          RAMD64E (Prop_ramd64e_RADR1_O)
                                                      0.124     6.753 f  b_mem_reg_0_63_0_2/RAMA/O
                         net (fo=16, routed)          1.070     7.823    u_dot_product/u_mac/dot_s_b[0]
    SLICE_X4Y23          LUT2 (Prop_lut2_I1_O)        0.150     7.973 r  u_dot_product/u_mac/product_s1[2]_i_9/O
                         net (fo=1, routed)           0.346     8.319    u_dot_product/u_mac/product_s1[2]_i_9_n_0
    SLICE_X5Y23          LUT6 (Prop_lut6_I1_O)        0.328     8.647 r  u_dot_product/u_mac/product_s1[2]_i_5/O
                         net (fo=1, routed)           0.000     8.647    u_dot_product/u_mac/product_s1[2]_i_5_n_0
    SLICE_X5Y23          CARRY4 (Prop_carry4_S[3]_CO[3])
                                                      0.401     9.048 r  u_dot_product/u_mac/product_s1_reg[2]_i_1/CO[3]
                         net (fo=1, routed)           0.000     9.048    u_dot_product/u_mac/product_s1_reg[2]_i_1_n_0
    SLICE_X5Y24          CARRY4 (Prop_carry4_CI_O[3])
                                                      0.313     9.361 r  u_dot_product/u_mac/product_s1_reg[11]_i_13/O[3]
                         net (fo=2, routed)           0.847    10.208    u_dot_product/u_mac/product_s1_reg[11]_i_13_n_4
    SLICE_X5Y26          LUT3 (Prop_lut3_I2_O)        0.331    10.539 r  u_dot_product/u_mac/product_s1[11]_i_5/O
                         net (fo=2, routed)           0.645    11.184    u_dot_product/u_mac/product_s1[11]_i_5_n_0
    SLICE_X5Y27          LUT4 (Prop_lut4_I3_O)        0.332    11.516 r  u_dot_product/u_mac/product_s1[11]_i_9/O
                         net (fo=1, routed)           0.000    11.516    u_dot_product/u_mac/product_s1[11]_i_9_n_0
    SLICE_X5Y27          CARRY4 (Prop_carry4_S[0]_CO[3])
                                                      0.532    12.048 r  u_dot_product/u_mac/product_s1_reg[11]_i_1/CO[3]
                         net (fo=1, routed)           0.000    12.048    u_dot_product/u_mac/product_s1_reg[11]_i_1_n_0
    SLICE_X5Y28          CARRY4 (Prop_carry4_CI_O[0])
                                                      0.223    12.271 r  u_dot_product/u_mac/product_s1_reg[15]_i_3/O[0]
                         net (fo=1, routed)           0.000    12.271    u_dot_product/u_mac/product_s10[12]
    SLICE_X5Y28          FDRE                                         r  u_dot_product/u_mac/product_s1_reg[12]/D
  -------------------------------------------------------------------    -------------------

                         (clock clk rise edge)       10.000    10.000 r  <hidden>
    AA9                                               0.000    10.000 r  clk
                         net (fo=0)                   0.000    10.000    clk
    AA9                  IBUF (Prop_ibuf_I_O)         0.874    10.874 r  clk_IBUF_inst/O
                         net (fo=1, routed)           1.972    12.846    clk_IBUF
    BUFGCTRL_X0Y0        BUFG (Prop_bufg_I_O)         0.091    12.937 r  clk_IBUF_BUFG_inst/O
                         net (fo=226, routed)         1.643    14.580    u_dot_product/u_mac/clk_IBUF_BUFG
    SLICE_X5Y28          FDRE                                         r  u_dot_product/u_mac/product_s1_reg[12]/C
                         clock pessimism              0.458    15.038    <hidden>
                         clock uncertainty           -0.035    15.002    <hidden>
    SLICE_X5Y28          FDRE (Setup_fdre_C_D)        0.062    15.064    u_dot_product/u_mac/product_s1_reg[12]
  -------------------------------------------------------------------
                         required time                         15.064    <hidden>
                         arrival time                         -12.271    <hidden>
  -------------------------------------------------------------------
                         slack                                  2.793    <hidden>

Slack (MET) :             2.940ns  (required time - arrival time)
  Source:                 b_read_addr_reg[1]/C
                            (rising edge-triggered cell FDRE clocked by clk  {rise@0.000ns fall@5.000ns period=10.000ns})
  Destination:            u_dot_product/u_mac/product_s1_reg[11]/D
                            (rising edge-triggered cell FDRE clocked by clk  {rise@0.000ns fall@5.000ns period=10.000ns})
  Path Group:             clk
  Path Type:              Setup (Max at Slow Process Corner)
  Requirement:            10.000ns  (clk rise@10.000ns - clk rise@0.000ns)
  Data Path Delay:        7.025ns  (logic 3.041ns (43.285%)  route 3.984ns (56.715%))
  Logic Levels:           8  (CARRY4=3 LUT2=1 LUT3=1 LUT4=1 LUT6=1 RAMD64E=1)
  Clock Path Skew:        -0.061ns (DCD - SCD + CPR)
    Destination Clock Delay (DCD):    4.578ns = ( 14.578 - 10.000 ) 
    Source Clock Delay      (SCD):    5.097ns
    Clock Pessimism Removal (CPR):    0.458ns
  Clock Uncertainty:      0.035ns  ((TSJ^2 + TIJ^2)^1/2 + DJ) / 2 + PE
    Total System Jitter     (TSJ):    0.071ns
    Total Input Jitter      (TIJ):    0.000ns
    Discrete Jitter          (DJ):    0.000ns
    Phase Error              (PE):    0.000ns

    Location             Delay type                Incr(ns)  Path(ns)    Netlist Resource(s)
  -------------------------------------------------------------------    -------------------
                         (clock clk rise edge)        0.000     0.000 r  <hidden>
    AA9                                               0.000     0.000 r  clk
                         net (fo=0)                   0.000     0.000    clk
    AA9                  IBUF (Prop_ibuf_I_O)         1.008     1.008 r  clk_IBUF_inst/O
                         net (fo=1, routed)           2.171     3.179    clk_IBUF
    BUFGCTRL_X0Y0        BUFG (Prop_bufg_I_O)         0.101     3.280 r  clk_IBUF_BUFG_inst/O
                         net (fo=226, routed)         1.817     5.097    clk_IBUF_BUFG
    SLICE_X3Y26          FDRE                                         r  b_read_addr_reg[1]/C
  -------------------------------------------------------------------    -------------------
    SLICE_X3Y26          FDRE (Prop_fdre_C_Q)         0.456     5.553 r  b_read_addr_reg[1]/Q
                         net (fo=12, routed)          1.076     6.629    b_mem_reg_0_63_0_2/ADDRA1
    SLICE_X2Y26          RAMD64E (Prop_ramd64e_RADR1_O)
                                                      0.124     6.753 f  b_mem_reg_0_63_0_2/RAMA/O
                         net (fo=16, routed)          1.070     7.823    u_dot_product/u_mac/dot_s_b[0]
    SLICE_X4Y23          LUT2 (Prop_lut2_I1_O)        0.150     7.973 r  u_dot_product/u_mac/product_s1[2]_i_9/O
                         net (fo=1, routed)           0.346     8.319    u_dot_product/u_mac/product_s1[2]_i_9_n_0
    SLICE_X5Y23          LUT6 (Prop_lut6_I1_O)        0.328     8.647 r  u_dot_product/u_mac/product_s1[2]_i_5/O
                         net (fo=1, routed)           0.000     8.647    u_dot_product/u_mac/product_s1[2]_i_5_n_0
    SLICE_X5Y23          CARRY4 (Prop_carry4_S[3]_CO[3])
                                                      0.401     9.048 r  u_dot_product/u_mac/product_s1_reg[2]_i_1/CO[3]
                         net (fo=1, routed)           0.000     9.048    u_dot_product/u_mac/product_s1_reg[2]_i_1_n_0
    SLICE_X5Y24          CARRY4 (Prop_carry4_CI_O[3])
                                                      0.313     9.361 r  u_dot_product/u_mac/product_s1_reg[11]_i_13/O[3]
                         net (fo=2, routed)           0.847    10.208    u_dot_product/u_mac/product_s1_reg[11]_i_13_n_4
    SLICE_X5Y26          LUT3 (Prop_lut3_I2_O)        0.331    10.539 r  u_dot_product/u_mac/product_s1[11]_i_5/O
                         net (fo=2, routed)           0.645    11.184    u_dot_product/u_mac/product_s1[11]_i_5_n_0
    SLICE_X5Y27          LUT4 (Prop_lut4_I3_O)        0.332    11.516 r  u_dot_product/u_mac/product_s1[11]_i_9/O
                         net (fo=1, routed)           0.000    11.516    u_dot_product/u_mac/product_s1[11]_i_9_n_0
    SLICE_X5Y27          CARRY4 (Prop_carry4_S[0]_O[3])
                                                      0.606    12.122 r  u_dot_product/u_mac/product_s1_reg[11]_i_1/O[3]
                         net (fo=1, routed)           0.000    12.122    u_dot_product/u_mac/product_s10[11]
    SLICE_X5Y27          FDRE                                         r  u_dot_product/u_mac/product_s1_reg[11]/D
  -------------------------------------------------------------------    -------------------

                         (clock clk rise edge)       10.000    10.000 r  <hidden>
    AA9                                               0.000    10.000 r  clk
                         net (fo=0)                   0.000    10.000    clk
    AA9                  IBUF (Prop_ibuf_I_O)         0.874    10.874 r  clk_IBUF_inst/O
                         net (fo=1, routed)           1.972    12.846    clk_IBUF
    BUFGCTRL_X0Y0        BUFG (Prop_bufg_I_O)         0.091    12.937 r  clk_IBUF_BUFG_inst/O
                         net (fo=226, routed)         1.641    14.578    u_dot_product/u_mac/clk_IBUF_BUFG
    SLICE_X5Y27          FDRE                                         r  u_dot_product/u_mac/product_s1_reg[11]/C
                         clock pessimism              0.458    15.036    <hidden>
                         clock uncertainty           -0.035    15.000    <hidden>
    SLICE_X5Y27          FDRE (Setup_fdre_C_D)        0.062    15.062    u_dot_product/u_mac/product_s1_reg[11]
  -------------------------------------------------------------------
                         required time                         15.062    <hidden>
                         arrival time                         -12.122    <hidden>
  -------------------------------------------------------------------
                         slack                                  2.940    <hidden>

Slack (MET) :             2.978ns  (required time - arrival time)
  Source:                 b_read_addr_reg[1]/C
                            (rising edge-triggered cell FDRE clocked by clk  {rise@0.000ns fall@5.000ns period=10.000ns})
  Destination:            u_dot_product/u_mac/product_s1_reg[9]/D
                            (rising edge-triggered cell FDRE clocked by clk  {rise@0.000ns fall@5.000ns period=10.000ns})
  Path Group:             clk
  Path Type:              Setup (Max at Slow Process Corner)
  Requirement:            10.000ns  (clk rise@10.000ns - clk rise@0.000ns)
  Data Path Delay:        6.987ns  (logic 3.091ns (44.237%)  route 3.896ns (55.763%))
  Logic Levels:           9  (CARRY4=4 LUT2=1 LUT3=1 LUT4=1 LUT6=1 RAMD64E=1)
  Clock Path Skew:        -0.061ns (DCD - SCD + CPR)
    Destination Clock Delay (DCD):    4.578ns = ( 14.578 - 10.000 ) 
    Source Clock Delay      (SCD):    5.097ns
    Clock Pessimism Removal (CPR):    0.458ns
  Clock Uncertainty:      0.035ns  ((TSJ^2 + TIJ^2)^1/2 + DJ) / 2 + PE
    Total System Jitter     (TSJ):    0.071ns
    Total Input Jitter      (TIJ):    0.000ns
    Discrete Jitter          (DJ):    0.000ns
    Phase Error              (PE):    0.000ns

    Location             Delay type                Incr(ns)  Path(ns)    Netlist Resource(s)
  -------------------------------------------------------------------    -------------------
                         (clock clk rise edge)        0.000     0.000 r  <hidden>
    AA9                                               0.000     0.000 r  clk
                         net (fo=0)                   0.000     0.000    clk
    AA9                  IBUF (Prop_ibuf_I_O)         1.008     1.008 r  clk_IBUF_inst/O
                         net (fo=1, routed)           2.171     3.179    clk_IBUF
    BUFGCTRL_X0Y0        BUFG (Prop_bufg_I_O)         0.101     3.280 r  clk_IBUF_BUFG_inst/O
                         net (fo=226, routed)         1.817     5.097    clk_IBUF_BUFG
    SLICE_X3Y26          FDRE                                         r  b_read_addr_reg[1]/C
  -------------------------------------------------------------------    -------------------
    SLICE_X3Y26          FDRE (Prop_fdre_C_Q)         0.456     5.553 r  b_read_addr_reg[1]/Q
                         net (fo=12, routed)          1.076     6.629    b_mem_reg_0_63_0_2/ADDRA1
    SLICE_X2Y26          RAMD64E (Prop_ramd64e_RADR1_O)
                                                      0.124     6.753 f  b_mem_reg_0_63_0_2/RAMA/O
                         net (fo=16, routed)          1.070     7.823    u_dot_product/u_mac/dot_s_b[0]
    SLICE_X4Y23          LUT2 (Prop_lut2_I1_O)        0.150     7.973 r  u_dot_product/u_mac/product_s1[2]_i_9/O
                         net (fo=1, routed)           0.346     8.319    u_dot_product/u_mac/product_s1[2]_i_9_n_0
    SLICE_X5Y23          LUT6 (Prop_lut6_I1_O)        0.328     8.647 r  u_dot_product/u_mac/product_s1[2]_i_5/O
                         net (fo=1, routed)           0.000     8.647    u_dot_product/u_mac/product_s1[2]_i_5_n_0
    SLICE_X5Y23          CARRY4 (Prop_carry4_S[3]_CO[3])
                                                      0.401     9.048 r  u_dot_product/u_mac/product_s1_reg[2]_i_1/CO[3]
                         net (fo=1, routed)           0.000     9.048    u_dot_product/u_mac/product_s1_reg[2]_i_1_n_0
    SLICE_X5Y24          CARRY4 (Prop_carry4_CI_O[2])
                                                      0.239     9.287 r  u_dot_product/u_mac/product_s1_reg[11]_i_13/O[2]
                         net (fo=2, routed)           0.817    10.104    u_dot_product/u_mac/product_s1_reg[11]_i_13_n_5
    SLICE_X5Y26          LUT3 (Prop_lut3_I2_O)        0.331    10.435 r  u_dot_product/u_mac/product_s1[7]_i_2/O
                         net (fo=2, routed)           0.586    11.022    u_dot_product/u_mac/product_s1[7]_i_2_n_0
    SLICE_X5Y26          LUT4 (Prop_lut4_I3_O)        0.327    11.349 r  u_dot_product/u_mac/product_s1[7]_i_6/O
                         net (fo=1, routed)           0.000    11.349    u_dot_product/u_mac/product_s1[7]_i_6_n_0
    SLICE_X5Y26          CARRY4 (Prop_carry4_S[3]_CO[3])
                                                      0.401    11.750 r  u_dot_product/u_mac/product_s1_reg[7]_i_1/CO[3]
                         net (fo=1, routed)           0.000    11.750    u_dot_product/u_mac/product_s1_reg[7]_i_1_n_0
    SLICE_X5Y27          CARRY4 (Prop_carry4_CI_O[1])
                                                      0.334    12.084 r  u_dot_product/u_mac/product_s1_reg[11]_i_1/O[1]
                         net (fo=1, routed)           0.000    12.084    u_dot_product/u_mac/product_s10[9]
    SLICE_X5Y27          FDRE                                         r  u_dot_product/u_mac/product_s1_reg[9]/D
  -------------------------------------------------------------------    -------------------

                         (clock clk rise edge)       10.000    10.000 r  <hidden>
    AA9                                               0.000    10.000 r  clk
                         net (fo=0)                   0.000    10.000    clk
    AA9                  IBUF (Prop_ibuf_I_O)         0.874    10.874 r  clk_IBUF_inst/O
                         net (fo=1, routed)           1.972    12.846    clk_IBUF
    BUFGCTRL_X0Y0        BUFG (Prop_bufg_I_O)         0.091    12.937 r  clk_IBUF_BUFG_inst/O
                         net (fo=226, routed)         1.641    14.578    u_dot_product/u_mac/clk_IBUF_BUFG
    SLICE_X5Y27          FDRE                                         r  u_dot_product/u_mac/product_s1_reg[9]/C
                         clock pessimism              0.458    15.036    <hidden>
                         clock uncertainty           -0.035    15.000    <hidden>
    SLICE_X5Y27          FDRE (Setup_fdre_C_D)        0.062    15.062    u_dot_product/u_mac/product_s1_reg[9]
  -------------------------------------------------------------------
                         required time                         15.062    <hidden>
                         arrival time                         -12.084    <hidden>
  -------------------------------------------------------------------
                         slack                                  2.978    <hidden>

Slack (MET) :             2.999ns  (required time - arrival time)
  Source:                 b_read_addr_reg[1]/C
                            (rising edge-triggered cell FDRE clocked by clk  {rise@0.000ns fall@5.000ns period=10.000ns})
  Destination:            u_dot_product/u_mac/product_s1_reg[10]/D
                            (rising edge-triggered cell FDRE clocked by clk  {rise@0.000ns fall@5.000ns period=10.000ns})
  Path Group:             clk
  Path Type:              Setup (Max at Slow Process Corner)
  Requirement:            10.000ns  (clk rise@10.000ns - clk rise@0.000ns)
  Data Path Delay:        6.966ns  (logic 2.982ns (42.805%)  route 3.984ns (57.195%))
  Logic Levels:           8  (CARRY4=3 LUT2=1 LUT3=1 LUT4=1 LUT6=1 RAMD64E=1)
  Clock Path Skew:        -0.061ns (DCD - SCD + CPR)
    Destination Clock Delay (DCD):    4.578ns = ( 14.578 - 10.000 ) 
    Source Clock Delay      (SCD):    5.097ns
    Clock Pessimism Removal (CPR):    0.458ns
  Clock Uncertainty:      0.035ns  ((TSJ^2 + TIJ^2)^1/2 + DJ) / 2 + PE
    Total System Jitter     (TSJ):    0.071ns
    Total Input Jitter      (TIJ):    0.000ns
    Discrete Jitter          (DJ):    0.000ns
    Phase Error              (PE):    0.000ns

    Location             Delay type                Incr(ns)  Path(ns)    Netlist Resource(s)
  -------------------------------------------------------------------    -------------------
                         (clock clk rise edge)        0.000     0.000 r  <hidden>
    AA9                                               0.000     0.000 r  clk
                         net (fo=0)                   0.000     0.000    clk
    AA9                  IBUF (Prop_ibuf_I_O)         1.008     1.008 r  clk_IBUF_inst/O
                         net (fo=1, routed)           2.171     3.179    clk_IBUF
    BUFGCTRL_X0Y0        BUFG (Prop_bufg_I_O)         0.101     3.280 r  clk_IBUF_BUFG_inst/O
                         net (fo=226, routed)         1.817     5.097    clk_IBUF_BUFG
    SLICE_X3Y26          FDRE                                         r  b_read_addr_reg[1]/C
  -------------------------------------------------------------------    -------------------
    SLICE_X3Y26          FDRE (Prop_fdre_C_Q)         0.456     5.553 r  b_read_addr_reg[1]/Q
                         net (fo=12, routed)          1.076     6.629    b_mem_reg_0_63_0_2/ADDRA1
    SLICE_X2Y26          RAMD64E (Prop_ramd64e_RADR1_O)
                                                      0.124     6.753 f  b_mem_reg_0_63_0_2/RAMA/O
                         net (fo=16, routed)          1.070     7.823    u_dot_product/u_mac/dot_s_b[0]
    SLICE_X4Y23          LUT2 (Prop_lut2_I1_O)        0.150     7.973 r  u_dot_product/u_mac/product_s1[2]_i_9/O
                         net (fo=1, routed)           0.346     8.319    u_dot_product/u_mac/product_s1[2]_i_9_n_0
    SLICE_X5Y23          LUT6 (Prop_lut6_I1_O)        0.328     8.647 r  u_dot_product/u_mac/product_s1[2]_i_5/O
                         net (fo=1, routed)           0.000     8.647    u_dot_product/u_mac/product_s1[2]_i_5_n_0
    SLICE_X5Y23          CARRY4 (Prop_carry4_S[3]_CO[3])
                                                      0.401     9.048 r  u_dot_product/u_mac/product_s1_reg[2]_i_1/CO[3]
                         net (fo=1, routed)           0.000     9.048    u_dot_product/u_mac/product_s1_reg[2]_i_1_n_0
    SLICE_X5Y24          CARRY4 (Prop_carry4_CI_O[3])
                                                      0.313     9.361 r  u_dot_product/u_mac/product_s1_reg[11]_i_13/O[3]
                         net (fo=2, routed)           0.847    10.208    u_dot_product/u_mac/product_s1_reg[11]_i_13_n_4
    SLICE_X5Y26          LUT3 (Prop_lut3_I2_O)        0.331    10.539 r  u_dot_product/u_mac/product_s1[11]_i_5/O
                         net (fo=2, routed)           0.645    11.184    u_dot_product/u_mac/product_s1[11]_i_5_n_0
    SLICE_X5Y27          LUT4 (Prop_lut4_I3_O)        0.332    11.516 r  u_dot_product/u_mac/product_s1[11]_i_9/O
                         net (fo=1, routed)           0.000    11.516    u_dot_product/u_mac/product_s1[11]_i_9_n_0
    SLICE_X5Y27          CARRY4 (Prop_carry4_S[0]_O[2])
                                                      0.547    12.063 r  u_dot_product/u_mac/product_s1_reg[11]_i_1/O[2]
                         net (fo=1, routed)           0.000    12.063    u_dot_product/u_mac/product_s10[10]
    SLICE_X5Y27          FDRE                                         r  u_dot_product/u_mac/product_s1_reg[10]/D
  -------------------------------------------------------------------    -------------------

                         (clock clk rise edge)       10.000    10.000 r  <hidden>
    AA9                                               0.000    10.000 r  clk
                         net (fo=0)                   0.000    10.000    clk
    AA9                  IBUF (Prop_ibuf_I_O)         0.874    10.874 r  clk_IBUF_inst/O
                         net (fo=1, routed)           1.972    12.846    clk_IBUF
    BUFGCTRL_X0Y0        BUFG (Prop_bufg_I_O)         0.091    12.937 r  clk_IBUF_BUFG_inst/O
                         net (fo=226, routed)         1.641    14.578    u_dot_product/u_mac/clk_IBUF_BUFG
    SLICE_X5Y27          FDRE                                         r  u_dot_product/u_mac/product_s1_reg[10]/C
                         clock pessimism              0.458    15.036    <hidden>
                         clock uncertainty           -0.035    15.000    <hidden>
    SLICE_X5Y27          FDRE (Setup_fdre_C_D)        0.062    15.062    u_dot_product/u_mac/product_s1_reg[10]
  -------------------------------------------------------------------
                         required time                         15.062    <hidden>
                         arrival time                         -12.063    <hidden>
  -------------------------------------------------------------------
                         slack                                  2.999    <hidden>

Slack (MET) :             3.089ns  (required time - arrival time)
  Source:                 b_read_addr_reg[1]/C
                            (rising edge-triggered cell FDRE clocked by clk  {rise@0.000ns fall@5.000ns period=10.000ns})
  Destination:            u_dot_product/u_mac/product_s1_reg[8]/D
                            (rising edge-triggered cell FDRE clocked by clk  {rise@0.000ns fall@5.000ns period=10.000ns})
  Path Group:             clk
  Path Type:              Setup (Max at Slow Process Corner)
  Requirement:            10.000ns  (clk rise@10.000ns - clk rise@0.000ns)
  Data Path Delay:        6.876ns  (logic 2.980ns (43.337%)  route 3.896ns (56.663%))
  Logic Levels:           9  (CARRY4=4 LUT2=1 LUT3=1 LUT4=1 LUT6=1 RAMD64E=1)
  Clock Path Skew:        -0.061ns (DCD - SCD + CPR)
    Destination Clock Delay (DCD):    4.578ns = ( 14.578 - 10.000 ) 
    Source Clock Delay      (SCD):    5.097ns
    Clock Pessimism Removal (CPR):    0.458ns
  Clock Uncertainty:      0.035ns  ((TSJ^2 + TIJ^2)^1/2 + DJ) / 2 + PE
    Total System Jitter     (TSJ):    0.071ns
    Total Input Jitter      (TIJ):    0.000ns
    Discrete Jitter          (DJ):    0.000ns
    Phase Error              (PE):    0.000ns

    Location             Delay type                Incr(ns)  Path(ns)    Netlist Resource(s)
  -------------------------------------------------------------------    -------------------
                         (clock clk rise edge)        0.000     0.000 r  <hidden>
    AA9                                               0.000     0.000 r  clk
                         net (fo=0)                   0.000     0.000    clk
    AA9                  IBUF (Prop_ibuf_I_O)         1.008     1.008 r  clk_IBUF_inst/O
                         net (fo=1, routed)           2.171     3.179    clk_IBUF
    BUFGCTRL_X0Y0        BUFG (Prop_bufg_I_O)         0.101     3.280 r  clk_IBUF_BUFG_inst/O
                         net (fo=226, routed)         1.817     5.097    clk_IBUF_BUFG
    SLICE_X3Y26          FDRE                                         r  b_read_addr_reg[1]/C
  -------------------------------------------------------------------    -------------------
    SLICE_X3Y26          FDRE (Prop_fdre_C_Q)         0.456     5.553 r  b_read_addr_reg[1]/Q
                         net (fo=12, routed)          1.076     6.629    b_mem_reg_0_63_0_2/ADDRA1
    SLICE_X2Y26          RAMD64E (Prop_ramd64e_RADR1_O)
                                                      0.124     6.753 f  b_mem_reg_0_63_0_2/RAMA/O
                         net (fo=16, routed)          1.070     7.823    u_dot_product/u_mac/dot_s_b[0]
    SLICE_X4Y23          LUT2 (Prop_lut2_I1_O)        0.150     7.973 r  u_dot_product/u_mac/product_s1[2]_i_9/O
                         net (fo=1, routed)           0.346     8.319    u_dot_product/u_mac/product_s1[2]_i_9_n_0
    SLICE_X5Y23          LUT6 (Prop_lut6_I1_O)        0.328     8.647 r  u_dot_product/u_mac/product_s1[2]_i_5/O
                         net (fo=1, routed)           0.000     8.647    u_dot_product/u_mac/product_s1[2]_i_5_n_0
    SLICE_X5Y23          CARRY4 (Prop_carry4_S[3]_CO[3])
                                                      0.401     9.048 r  u_dot_product/u_mac/product_s1_reg[2]_i_1/CO[3]
                         net (fo=1, routed)           0.000     9.048    u_dot_product/u_mac/product_s1_reg[2]_i_1_n_0
    SLICE_X5Y24          CARRY4 (Prop_carry4_CI_O[2])
                                                      0.239     9.287 r  u_dot_product/u_mac/product_s1_reg[11]_i_13/O[2]
                         net (fo=2, routed)           0.817    10.104    u_dot_product/u_mac/product_s1_reg[11]_i_13_n_5
    SLICE_X5Y26          LUT3 (Prop_lut3_I2_O)        0.331    10.435 r  u_dot_product/u_mac/product_s1[7]_i_2/O
                         net (fo=2, routed)           0.586    11.022    u_dot_product/u_mac/product_s1[7]_i_2_n_0
    SLICE_X5Y26          LUT4 (Prop_lut4_I3_O)        0.327    11.349 r  u_dot_product/u_mac/product_s1[7]_i_6/O
                         net (fo=1, routed)           0.000    11.349    u_dot_product/u_mac/product_s1[7]_i_6_n_0
    SLICE_X5Y26          CARRY4 (Prop_carry4_S[3]_CO[3])
                                                      0.401    11.750 r  u_dot_product/u_mac/product_s1_reg[7]_i_1/CO[3]
                         net (fo=1, routed)           0.000    11.750    u_dot_product/u_mac/product_s1_reg[7]_i_1_n_0
    SLICE_X5Y27          CARRY4 (Prop_carry4_CI_O[0])
                                                      0.223    11.973 r  u_dot_product/u_mac/product_s1_reg[11]_i_1/O[0]
                         net (fo=1, routed)           0.000    11.973    u_dot_product/u_mac/product_s10[8]
    SLICE_X5Y27          FDRE                                         r  u_dot_product/u_mac/product_s1_reg[8]/D
  -------------------------------------------------------------------    -------------------

                         (clock clk rise edge)       10.000    10.000 r  <hidden>
    AA9                                               0.000    10.000 r  clk
                         net (fo=0)                   0.000    10.000    clk
    AA9                  IBUF (Prop_ibuf_I_O)         0.874    10.874 r  clk_IBUF_inst/O
                         net (fo=1, routed)           1.972    12.846    clk_IBUF
    BUFGCTRL_X0Y0        BUFG (Prop_bufg_I_O)         0.091    12.937 r  clk_IBUF_BUFG_inst/O
                         net (fo=226, routed)         1.641    14.578    u_dot_product/u_mac/clk_IBUF_BUFG
    SLICE_X5Y27          FDRE                                         r  u_dot_product/u_mac/product_s1_reg[8]/C
                         clock pessimism              0.458    15.036    <hidden>
                         clock uncertainty           -0.035    15.000    <hidden>
    SLICE_X5Y27          FDRE (Setup_fdre_C_D)        0.062    15.062    u_dot_product/u_mac/product_s1_reg[8]
  -------------------------------------------------------------------
                         required time                         15.062    <hidden>
                         arrival time                         -11.973    <hidden>
  -------------------------------------------------------------------
                         slack                                  3.089    <hidden>

Slack (MET) :             3.464ns  (required time - arrival time)
  Source:                 b_read_addr_reg[1]/C
                            (rising edge-triggered cell FDRE clocked by clk  {rise@0.000ns fall@5.000ns period=10.000ns})
  Destination:            u_dot_product/u_mac/product_s1_reg[7]/D
                            (rising edge-triggered cell FDRE clocked by clk  {rise@0.000ns fall@5.000ns period=10.000ns})
  Path Group:             clk
  Path Type:              Setup (Max at Slow Process Corner)
  Requirement:            10.000ns  (clk rise@10.000ns - clk rise@0.000ns)
  Data Path Delay:        6.500ns  (logic 2.604ns (40.060%)  route 3.896ns (59.940%))
  Logic Levels:           8  (CARRY4=3 LUT2=1 LUT3=1 LUT4=1 LUT6=1 RAMD64E=1)
  Clock Path Skew:        -0.062ns (DCD - SCD + CPR)
    Destination Clock Delay (DCD):    4.577ns = ( 14.577 - 10.000 ) 
    Source Clock Delay      (SCD):    5.097ns
    Clock Pessimism Removal (CPR):    0.458ns
  Clock Uncertainty:      0.035ns  ((TSJ^2 + TIJ^2)^1/2 + DJ) / 2 + PE
    Total System Jitter     (TSJ):    0.071ns
    Total Input Jitter      (TIJ):    0.000ns
    Discrete Jitter          (DJ):    0.000ns
    Phase Error              (PE):    0.000ns

    Location             Delay type                Incr(ns)  Path(ns)    Netlist Resource(s)
  -------------------------------------------------------------------    -------------------
                         (clock clk rise edge)        0.000     0.000 r  <hidden>
    AA9                                               0.000     0.000 r  clk
                         net (fo=0)                   0.000     0.000    clk
    AA9                  IBUF (Prop_ibuf_I_O)         1.008     1.008 r  clk_IBUF_inst/O
                         net (fo=1, routed)           2.171     3.179    clk_IBUF
    BUFGCTRL_X0Y0        BUFG (Prop_bufg_I_O)         0.101     3.280 r  clk_IBUF_BUFG_inst/O
                         net (fo=226, routed)         1.817     5.097    clk_IBUF_BUFG
    SLICE_X3Y26          FDRE                                         r  b_read_addr_reg[1]/C
  -------------------------------------------------------------------    -------------------
    SLICE_X3Y26          FDRE (Prop_fdre_C_Q)         0.456     5.553 r  b_read_addr_reg[1]/Q
                         net (fo=12, routed)          1.076     6.629    b_mem_reg_0_63_0_2/ADDRA1
    SLICE_X2Y26          RAMD64E (Prop_ramd64e_RADR1_O)
                                                      0.124     6.753 f  b_mem_reg_0_63_0_2/RAMA/O
                         net (fo=16, routed)          1.070     7.823    u_dot_product/u_mac/dot_s_b[0]
    SLICE_X4Y23          LUT2 (Prop_lut2_I1_O)        0.150     7.973 r  u_dot_product/u_mac/product_s1[2]_i_9/O
                         net (fo=1, routed)           0.346     8.319    u_dot_product/u_mac/product_s1[2]_i_9_n_0
    SLICE_X5Y23          LUT6 (Prop_lut6_I1_O)        0.328     8.647 r  u_dot_product/u_mac/product_s1[2]_i_5/O
                         net (fo=1, routed)           0.000     8.647    u_dot_product/u_mac/product_s1[2]_i_5_n_0
    SLICE_X5Y23          CARRY4 (Prop_carry4_S[3]_CO[3])
                                                      0.401     9.048 r  u_dot_product/u_mac/product_s1_reg[2]_i_1/CO[3]
                         net (fo=1, routed)           0.000     9.048    u_dot_product/u_mac/product_s1_reg[2]_i_1_n_0
    SLICE_X5Y24          CARRY4 (Prop_carry4_CI_O[2])
                                                      0.239     9.287 r  u_dot_product/u_mac/product_s1_reg[11]_i_13/O[2]
                         net (fo=2, routed)           0.817    10.104    u_dot_product/u_mac/product_s1_reg[11]_i_13_n_5
    SLICE_X5Y26          LUT3 (Prop_lut3_I2_O)        0.331    10.435 r  u_dot_product/u_mac/product_s1[7]_i_2/O
                         net (fo=2, routed)           0.586    11.022    u_dot_product/u_mac/product_s1[7]_i_2_n_0
    SLICE_X5Y26          LUT4 (Prop_lut4_I3_O)        0.327    11.349 r  u_dot_product/u_mac/product_s1[7]_i_6/O
                         net (fo=1, routed)           0.000    11.349    u_dot_product/u_mac/product_s1[7]_i_6_n_0
    SLICE_X5Y26          CARRY4 (Prop_carry4_S[3]_O[3])
                                                      0.248    11.597 r  u_dot_product/u_mac/product_s1_reg[7]_i_1/O[3]
                         net (fo=1, routed)           0.000    11.597    u_dot_product/u_mac/product_s10[7]
    SLICE_X5Y26          FDRE                                         r  u_dot_product/u_mac/product_s1_reg[7]/D
  -------------------------------------------------------------------    -------------------

                         (clock clk rise edge)       10.000    10.000 r  <hidden>
    AA9                                               0.000    10.000 r  clk
                         net (fo=0)                   0.000    10.000    clk
    AA9                  IBUF (Prop_ibuf_I_O)         0.874    10.874 r  clk_IBUF_inst/O
                         net (fo=1, routed)           1.972    12.846    clk_IBUF
    BUFGCTRL_X0Y0        BUFG (Prop_bufg_I_O)         0.091    12.937 r  clk_IBUF_BUFG_inst/O
                         net (fo=226, routed)         1.640    14.577    u_dot_product/u_mac/clk_IBUF_BUFG
    SLICE_X5Y26          FDRE                                         r  u_dot_product/u_mac/product_s1_reg[7]/C
                         clock pessimism              0.458    15.035    <hidden>
                         clock uncertainty           -0.035    14.999    <hidden>
    SLICE_X5Y26          FDRE (Setup_fdre_C_D)        0.062    15.061    u_dot_product/u_mac/product_s1_reg[7]
  -------------------------------------------------------------------
                         required time                         15.061    <hidden>
                         arrival time                         -11.597    <hidden>
  -------------------------------------------------------------------
                         slack                                  3.464    <hidden>

Slack (MET) :             3.943ns  (required time - arrival time)
  Source:                 b_read_addr_reg[1]/C
                            (rising edge-triggered cell FDRE clocked by clk  {rise@0.000ns fall@5.000ns period=10.000ns})
  Destination:            u_dot_product/u_mac/product_s1_reg[6]/D
                            (rising edge-triggered cell FDRE clocked by clk  {rise@0.000ns fall@5.000ns period=10.000ns})
  Path Group:             clk
  Path Type:              Setup (Max at Slow Process Corner)
  Requirement:            10.000ns  (clk rise@10.000ns - clk rise@0.000ns)
  Data Path Delay:        6.022ns  (logic 2.671ns (44.357%)  route 3.351ns (55.643%))
  Logic Levels:           8  (CARRY4=3 LUT2=2 LUT4=1 LUT6=1 RAMD64E=1)
  Clock Path Skew:        -0.062ns (DCD - SCD + CPR)
    Destination Clock Delay (DCD):    4.577ns = ( 14.577 - 10.000 ) 
    Source Clock Delay      (SCD):    5.097ns
    Clock Pessimism Removal (CPR):    0.458ns
  Clock Uncertainty:      0.035ns  ((TSJ^2 + TIJ^2)^1/2 + DJ) / 2 + PE
    Total System Jitter     (TSJ):    0.071ns
    Total Input Jitter      (TIJ):    0.000ns
    Discrete Jitter          (DJ):    0.000ns
    Phase Error              (PE):    0.000ns

    Location             Delay type                Incr(ns)  Path(ns)    Netlist Resource(s)
  -------------------------------------------------------------------    -------------------
                         (clock clk rise edge)        0.000     0.000 r  <hidden>
    AA9                                               0.000     0.000 r  clk
                         net (fo=0)                   0.000     0.000    clk
    AA9                  IBUF (Prop_ibuf_I_O)         1.008     1.008 r  clk_IBUF_inst/O
                         net (fo=1, routed)           2.171     3.179    clk_IBUF
    BUFGCTRL_X0Y0        BUFG (Prop_bufg_I_O)         0.101     3.280 r  clk_IBUF_BUFG_inst/O
                         net (fo=226, routed)         1.817     5.097    clk_IBUF_BUFG
    SLICE_X3Y26          FDRE                                         r  b_read_addr_reg[1]/C
  -------------------------------------------------------------------    -------------------
    SLICE_X3Y26          FDRE (Prop_fdre_C_Q)         0.456     5.553 r  b_read_addr_reg[1]/Q
                         net (fo=12, routed)          1.076     6.629    b_mem_reg_0_63_0_2/ADDRA1
    SLICE_X2Y26          RAMD64E (Prop_ramd64e_RADR1_O)
                                                      0.124     6.753 f  b_mem_reg_0_63_0_2/RAMA/O
                         net (fo=16, routed)          1.070     7.823    u_dot_product/u_mac/dot_s_b[0]
    SLICE_X4Y23          LUT2 (Prop_lut2_I1_O)        0.150     7.973 r  u_dot_product/u_mac/product_s1[2]_i_9/O
                         net (fo=1, routed)           0.346     8.319    u_dot_product/u_mac/product_s1[2]_i_9_n_0
    SLICE_X5Y23          LUT6 (Prop_lut6_I1_O)        0.328     8.647 r  u_dot_product/u_mac/product_s1[2]_i_5/O
                         net (fo=1, routed)           0.000     8.647    u_dot_product/u_mac/product_s1[2]_i_5_n_0
    SLICE_X5Y23          CARRY4 (Prop_carry4_S[3]_CO[3])
                                                      0.401     9.048 r  u_dot_product/u_mac/product_s1_reg[2]_i_1/CO[3]
                         net (fo=1, routed)           0.000     9.048    u_dot_product/u_mac/product_s1_reg[2]_i_1_n_0
    SLICE_X5Y24          CARRY4 (Prop_carry4_CI_O[1])
                                                      0.334     9.382 r  u_dot_product/u_mac/product_s1_reg[11]_i_13/O[1]
                         net (fo=2, routed)           0.577     9.959    u_dot_product/u_mac/product_s1_reg[11]_i_13_n_6
    SLICE_X5Y26          LUT2 (Prop_lut2_I1_O)        0.298    10.257 r  u_dot_product/u_mac/product_s1[7]_i_3/O
                         net (fo=2, routed)           0.281    10.538    u_dot_product/u_mac/product_s1[7]_i_3_n_0
    SLICE_X5Y26          LUT4 (Prop_lut4_I3_O)        0.332    10.870 r  u_dot_product/u_mac/product_s1[7]_i_7/O
                         net (fo=1, routed)           0.000    10.870    u_dot_product/u_mac/product_s1[7]_i_7_n_0
    SLICE_X5Y26          CARRY4 (Prop_carry4_S[2]_O[2])
                                                      0.248    11.118 r  u_dot_product/u_mac/product_s1_reg[7]_i_1/O[2]
                         net (fo=1, routed)           0.000    11.118    u_dot_product/u_mac/product_s10[6]
    SLICE_X5Y26          FDRE                                         r  u_dot_product/u_mac/product_s1_reg[6]/D
  -------------------------------------------------------------------    -------------------

                         (clock clk rise edge)       10.000    10.000 r  <hidden>
    AA9                                               0.000    10.000 r  clk
                         net (fo=0)                   0.000    10.000    clk
    AA9                  IBUF (Prop_ibuf_I_O)         0.874    10.874 r  clk_IBUF_inst/O
                         net (fo=1, routed)           1.972    12.846    clk_IBUF
    BUFGCTRL_X0Y0        BUFG (Prop_bufg_I_O)         0.091    12.937 r  clk_IBUF_BUFG_inst/O
                         net (fo=226, routed)         1.640    14.577    u_dot_product/u_mac/clk_IBUF_BUFG
    SLICE_X5Y26          FDRE                                         r  u_dot_product/u_mac/product_s1_reg[6]/C
                         clock pessimism              0.458    15.035    <hidden>
                         clock uncertainty           -0.035    14.999    <hidden>
    SLICE_X5Y26          FDRE (Setup_fdre_C_D)        0.062    15.061    u_dot_product/u_mac/product_s1_reg[6]
  -------------------------------------------------------------------
                         required time                         15.061    <hidden>
                         arrival time                         -11.118    <hidden>
  -------------------------------------------------------------------
                         slack                                  3.943    <hidden>





Min Delay Paths
--------------------------------------------------------------------------------------
Slack (MET) :             0.024ns  (arrival time - required time)
  Source:                 a_load_count_reg[0]/C
                            (rising edge-triggered cell FDRE clocked by clk  {rise@0.000ns fall@5.000ns period=10.000ns})
  Destination:            a_mem_reg_0_63_0_2/RAMA/WADR0
                            (rising edge-triggered cell RAMD64E clocked by clk  {rise@0.000ns fall@5.000ns period=10.000ns})
  Path Group:             clk
  Path Type:              Hold (Min at Fast Process Corner)
  Requirement:            0.000ns  (clk rise@0.000ns - clk rise@0.000ns)
  Data Path Delay:        0.347ns  (logic 0.141ns (40.599%)  route 0.206ns (59.401%))
  Logic Levels:           0  
  Clock Path Skew:        0.013ns (DCD - SCD - CPR)
    Destination Clock Delay (DCD):    2.052ns
    Source Clock Delay      (SCD):    1.538ns
    Clock Pessimism Removal (CPR):    0.502ns

    Location             Delay type                Incr(ns)  Path(ns)    Netlist Resource(s)
  -------------------------------------------------------------------    -------------------
                         (clock clk rise edge)        0.000     0.000 r  <hidden>
    AA9                                               0.000     0.000 r  clk
                         net (fo=0)                   0.000     0.000    clk
    AA9                  IBUF (Prop_ibuf_I_O)         0.236     0.236 r  clk_IBUF_inst/O
                         net (fo=1, routed)           0.663     0.899    clk_IBUF
    BUFGCTRL_X0Y0        BUFG (Prop_bufg_I_O)         0.026     0.925 r  clk_IBUF_BUFG_inst/O
                         net (fo=226, routed)         0.613     1.538    clk_IBUF_BUFG
    SLICE_X7Y22          FDRE                                         r  a_load_count_reg[0]/C
  -------------------------------------------------------------------    -------------------
    SLICE_X7Y22          FDRE (Prop_fdre_C_Q)         0.141     1.679 r  a_load_count_reg[0]/Q
                         net (fo=22, routed)          0.206     1.885    a_mem_reg_0_63_0_2/ADDRD0
    SLICE_X6Y22          RAMD64E                                      r  a_mem_reg_0_63_0_2/RAMA/WADR0
  -------------------------------------------------------------------    -------------------

                         (clock clk rise edge)        0.000     0.000 r  <hidden>
    AA9                                               0.000     0.000 r  clk
                         net (fo=0)                   0.000     0.000    clk
    AA9                  IBUF (Prop_ibuf_I_O)         0.425     0.425 r  clk_IBUF_inst/O
                         net (fo=1, routed)           0.719     1.144    clk_IBUF
    BUFGCTRL_X0Y0        BUFG (Prop_bufg_I_O)         0.029     1.173 r  clk_IBUF_BUFG_inst/O
                         net (fo=226, routed)         0.879     2.052    a_mem_reg_0_63_0_2/WCLK
    SLICE_X6Y22          RAMD64E                                      r  a_mem_reg_0_63_0_2/RAMA/CLK
                         clock pessimism             -0.502     1.551    <hidden>
    SLICE_X6Y22          RAMD64E (Hold_ramd64e_CLK_WADR0)
                                                      0.310     1.861    a_mem_reg_0_63_0_2/RAMA
  -------------------------------------------------------------------
                         required time                         -1.861    <hidden>
                         arrival time                           1.885    <hidden>
  -------------------------------------------------------------------
                         slack                                  0.024    <hidden>

Slack (MET) :             0.024ns  (arrival time - required time)
  Source:                 a_load_count_reg[0]/C
                            (rising edge-triggered cell FDRE clocked by clk  {rise@0.000ns fall@5.000ns period=10.000ns})
  Destination:            a_mem_reg_0_63_0_2/RAMB/WADR0
                            (rising edge-triggered cell RAMD64E clocked by clk  {rise@0.000ns fall@5.000ns period=10.000ns})
  Path Group:             clk
  Path Type:              Hold (Min at Fast Process Corner)
  Requirement:            0.000ns  (clk rise@0.000ns - clk rise@0.000ns)
  Data Path Delay:        0.347ns  (logic 0.141ns (40.599%)  route 0.206ns (59.401%))
  Logic Levels:           0  
  Clock Path Skew:        0.013ns (DCD - SCD - CPR)
    Destination Clock Delay (DCD):    2.052ns
    Source Clock Delay      (SCD):    1.538ns
    Clock Pessimism Removal (CPR):    0.502ns

    Location             Delay type                Incr(ns)  Path(ns)    Netlist Resource(s)
  -------------------------------------------------------------------    -------------------
                         (clock clk rise edge)        0.000     0.000 r  <hidden>
    AA9                                               0.000     0.000 r  clk
                         net (fo=0)                   0.000     0.000    clk
    AA9                  IBUF (Prop_ibuf_I_O)         0.236     0.236 r  clk_IBUF_inst/O
                         net (fo=1, routed)           0.663     0.899    clk_IBUF
    BUFGCTRL_X0Y0        BUFG (Prop_bufg_I_O)         0.026     0.925 r  clk_IBUF_BUFG_inst/O
                         net (fo=226, routed)         0.613     1.538    clk_IBUF_BUFG
    SLICE_X7Y22          FDRE                                         r  a_load_count_reg[0]/C
  -------------------------------------------------------------------    -------------------
    SLICE_X7Y22          FDRE (Prop_fdre_C_Q)         0.141     1.679 r  a_load_count_reg[0]/Q
                         net (fo=22, routed)          0.206     1.885    a_mem_reg_0_63_0_2/ADDRD0
    SLICE_X6Y22          RAMD64E                                      r  a_mem_reg_0_63_0_2/RAMB/WADR0
  -------------------------------------------------------------------    -------------------

                         (clock clk rise edge)        0.000     0.000 r  <hidden>
    AA9                                               0.000     0.000 r  clk
                         net (fo=0)                   0.000     0.000    clk
    AA9                  IBUF (Prop_ibuf_I_O)         0.425     0.425 r  clk_IBUF_inst/O
                         net (fo=1, routed)           0.719     1.144    clk_IBUF
    BUFGCTRL_X0Y0        BUFG (Prop_bufg_I_O)         0.029     1.173 r  clk_IBUF_BUFG_inst/O
                         net (fo=226, routed)         0.879     2.052    a_mem_reg_0_63_0_2/WCLK
    SLICE_X6Y22          RAMD64E                                      r  a_mem_reg_0_63_0_2/RAMB/CLK
                         clock pessimism             -0.502     1.551    <hidden>
    SLICE_X6Y22          RAMD64E (Hold_ramd64e_CLK_WADR0)
                                                      0.310     1.861    a_mem_reg_0_63_0_2/RAMB
  -------------------------------------------------------------------
                         required time                         -1.861    <hidden>
                         arrival time                           1.885    <hidden>
  -------------------------------------------------------------------
                         slack                                  0.024    <hidden>

Slack (MET) :             0.024ns  (arrival time - required time)
  Source:                 a_load_count_reg[0]/C
                            (rising edge-triggered cell FDRE clocked by clk  {rise@0.000ns fall@5.000ns period=10.000ns})
  Destination:            a_mem_reg_0_63_0_2/RAMC/WADR0
                            (rising edge-triggered cell RAMD64E clocked by clk  {rise@0.000ns fall@5.000ns period=10.000ns})
  Path Group:             clk
  Path Type:              Hold (Min at Fast Process Corner)
  Requirement:            0.000ns  (clk rise@0.000ns - clk rise@0.000ns)
  Data Path Delay:        0.347ns  (logic 0.141ns (40.599%)  route 0.206ns (59.401%))
  Logic Levels:           0  
  Clock Path Skew:        0.013ns (DCD - SCD - CPR)
    Destination Clock Delay (DCD):    2.052ns
    Source Clock Delay      (SCD):    1.538ns
    Clock Pessimism Removal (CPR):    0.502ns

    Location             Delay type                Incr(ns)  Path(ns)    Netlist Resource(s)
  -------------------------------------------------------------------    -------------------
                         (clock clk rise edge)        0.000     0.000 r  <hidden>
    AA9                                               0.000     0.000 r  clk
                         net (fo=0)                   0.000     0.000    clk
    AA9                  IBUF (Prop_ibuf_I_O)         0.236     0.236 r  clk_IBUF_inst/O
                         net (fo=1, routed)           0.663     0.899    clk_IBUF
    BUFGCTRL_X0Y0        BUFG (Prop_bufg_I_O)         0.026     0.925 r  clk_IBUF_BUFG_inst/O
                         net (fo=226, routed)         0.613     1.538    clk_IBUF_BUFG
    SLICE_X7Y22          FDRE                                         r  a_load_count_reg[0]/C
  -------------------------------------------------------------------    -------------------
    SLICE_X7Y22          FDRE (Prop_fdre_C_Q)         0.141     1.679 r  a_load_count_reg[0]/Q
                         net (fo=22, routed)          0.206     1.885    a_mem_reg_0_63_0_2/ADDRD0
    SLICE_X6Y22          RAMD64E                                      r  a_mem_reg_0_63_0_2/RAMC/WADR0
  -------------------------------------------------------------------    -------------------

                         (clock clk rise edge)        0.000     0.000 r  <hidden>
    AA9                                               0.000     0.000 r  clk
                         net (fo=0)                   0.000     0.000    clk
    AA9                  IBUF (Prop_ibuf_I_O)         0.425     0.425 r  clk_IBUF_inst/O
                         net (fo=1, routed)           0.719     1.144    clk_IBUF
    BUFGCTRL_X0Y0        BUFG (Prop_bufg_I_O)         0.029     1.173 r  clk_IBUF_BUFG_inst/O
                         net (fo=226, routed)         0.879     2.052    a_mem_reg_0_63_0_2/WCLK
    SLICE_X6Y22          RAMD64E                                      r  a_mem_reg_0_63_0_2/RAMC/CLK
                         clock pessimism             -0.502     1.551    <hidden>
    SLICE_X6Y22          RAMD64E (Hold_ramd64e_CLK_WADR0)
                                                      0.310     1.861    a_mem_reg_0_63_0_2/RAMC
  -------------------------------------------------------------------
                         required time                         -1.861    <hidden>
                         arrival time                           1.885    <hidden>
  -------------------------------------------------------------------
                         slack                                  0.024    <hidden>

Slack (MET) :             0.024ns  (arrival time - required time)
  Source:                 a_load_count_reg[0]/C
                            (rising edge-triggered cell FDRE clocked by clk  {rise@0.000ns fall@5.000ns period=10.000ns})
  Destination:            a_mem_reg_0_63_0_2/RAMD/WADR0
                            (rising edge-triggered cell RAMD64E clocked by clk  {rise@0.000ns fall@5.000ns period=10.000ns})
  Path Group:             clk
  Path Type:              Hold (Min at Fast Process Corner)
  Requirement:            0.000ns  (clk rise@0.000ns - clk rise@0.000ns)
  Data Path Delay:        0.347ns  (logic 0.141ns (40.599%)  route 0.206ns (59.401%))
  Logic Levels:           0  
  Clock Path Skew:        0.013ns (DCD - SCD - CPR)
    Destination Clock Delay (DCD):    2.052ns
    Source Clock Delay      (SCD):    1.538ns
    Clock Pessimism Removal (CPR):    0.502ns

    Location             Delay type                Incr(ns)  Path(ns)    Netlist Resource(s)
  -------------------------------------------------------------------    -------------------
                         (clock clk rise edge)        0.000     0.000 r  <hidden>
    AA9                                               0.000     0.000 r  clk
                         net (fo=0)                   0.000     0.000    clk
    AA9                  IBUF (Prop_ibuf_I_O)         0.236     0.236 r  clk_IBUF_inst/O
                         net (fo=1, routed)           0.663     0.899    clk_IBUF
    BUFGCTRL_X0Y0        BUFG (Prop_bufg_I_O)         0.026     0.925 r  clk_IBUF_BUFG_inst/O
                         net (fo=226, routed)         0.613     1.538    clk_IBUF_BUFG
    SLICE_X7Y22          FDRE                                         r  a_load_count_reg[0]/C
  -------------------------------------------------------------------    -------------------
    SLICE_X7Y22          FDRE (Prop_fdre_C_Q)         0.141     1.679 r  a_load_count_reg[0]/Q
                         net (fo=22, routed)          0.206     1.885    a_mem_reg_0_63_0_2/ADDRD0
    SLICE_X6Y22          RAMD64E                                      r  a_mem_reg_0_63_0_2/RAMD/WADR0
  -------------------------------------------------------------------    -------------------

                         (clock clk rise edge)        0.000     0.000 r  <hidden>
    AA9                                               0.000     0.000 r  clk
                         net (fo=0)                   0.000     0.000    clk
    AA9                  IBUF (Prop_ibuf_I_O)         0.425     0.425 r  clk_IBUF_inst/O
                         net (fo=1, routed)           0.719     1.144    clk_IBUF
    BUFGCTRL_X0Y0        BUFG (Prop_bufg_I_O)         0.029     1.173 r  clk_IBUF_BUFG_inst/O
                         net (fo=226, routed)         0.879     2.052    a_mem_reg_0_63_0_2/WCLK
    SLICE_X6Y22          RAMD64E                                      r  a_mem_reg_0_63_0_2/RAMD/CLK
                         clock pessimism             -0.502     1.551    <hidden>
    SLICE_X6Y22          RAMD64E (Hold_ramd64e_CLK_WADR0)
                                                      0.310     1.861    a_mem_reg_0_63_0_2/RAMD
  -------------------------------------------------------------------
                         required time                         -1.861    <hidden>
                         arrival time                           1.885    <hidden>
  -------------------------------------------------------------------
                         slack                                  0.024    <hidden>

Slack (MET) :             0.069ns  (arrival time - required time)
  Source:                 a_load_count_reg[1]/C
                            (rising edge-triggered cell FDRE clocked by clk  {rise@0.000ns fall@5.000ns period=10.000ns})
  Destination:            a_mem_reg_0_63_0_2/RAMA/WADR1
                            (rising edge-triggered cell RAMD64E clocked by clk  {rise@0.000ns fall@5.000ns period=10.000ns})
  Path Group:             clk
  Path Type:              Hold (Min at Fast Process Corner)
  Requirement:            0.000ns  (clk rise@0.000ns - clk rise@0.000ns)
  Data Path Delay:        0.337ns  (logic 0.128ns (37.965%)  route 0.209ns (62.035%))
  Logic Levels:           0  
  Clock Path Skew:        0.013ns (DCD - SCD - CPR)
    Destination Clock Delay (DCD):    2.052ns
    Source Clock Delay      (SCD):    1.538ns
    Clock Pessimism Removal (CPR):    0.502ns

    Location             Delay type                Incr(ns)  Path(ns)    Netlist Resource(s)
  -------------------------------------------------------------------    -------------------
                         (clock clk rise edge)        0.000     0.000 r  <hidden>
    AA9                                               0.000     0.000 r  clk
                         net (fo=0)                   0.000     0.000    clk
    AA9                  IBUF (Prop_ibuf_I_O)         0.236     0.236 r  clk_IBUF_inst/O
                         net (fo=1, routed)           0.663     0.899    clk_IBUF
    BUFGCTRL_X0Y0        BUFG (Prop_bufg_I_O)         0.026     0.925 r  clk_IBUF_BUFG_inst/O
                         net (fo=226, routed)         0.613     1.538    clk_IBUF_BUFG
    SLICE_X7Y22          FDRE                                         r  a_load_count_reg[1]/C
  -------------------------------------------------------------------    -------------------
    SLICE_X7Y22          FDRE (Prop_fdre_C_Q)         0.128     1.666 r  a_load_count_reg[1]/Q
                         net (fo=21, routed)          0.209     1.875    a_mem_reg_0_63_0_2/ADDRD1
    SLICE_X6Y22          RAMD64E                                      r  a_mem_reg_0_63_0_2/RAMA/WADR1
  -------------------------------------------------------------------    -------------------

                         (clock clk rise edge)        0.000     0.000 r  <hidden>
    AA9                                               0.000     0.000 r  clk
                         net (fo=0)                   0.000     0.000    clk
    AA9                  IBUF (Prop_ibuf_I_O)         0.425     0.425 r  clk_IBUF_inst/O
                         net (fo=1, routed)           0.719     1.144    clk_IBUF
    BUFGCTRL_X0Y0        BUFG (Prop_bufg_I_O)         0.029     1.173 r  clk_IBUF_BUFG_inst/O
                         net (fo=226, routed)         0.879     2.052    a_mem_reg_0_63_0_2/WCLK
    SLICE_X6Y22          RAMD64E                                      r  a_mem_reg_0_63_0_2/RAMA/CLK
                         clock pessimism             -0.502     1.551    <hidden>
    SLICE_X6Y22          RAMD64E (Hold_ramd64e_CLK_WADR1)
                                                      0.255     1.806    a_mem_reg_0_63_0_2/RAMA
  -------------------------------------------------------------------
                         required time                         -1.806    <hidden>
                         arrival time                           1.875    <hidden>
  -------------------------------------------------------------------
                         slack                                  0.069    <hidden>

Slack (MET) :             0.069ns  (arrival time - required time)
  Source:                 a_load_count_reg[1]/C
                            (rising edge-triggered cell FDRE clocked by clk  {rise@0.000ns fall@5.000ns period=10.000ns})
  Destination:            a_mem_reg_0_63_0_2/RAMB/WADR1
                            (rising edge-triggered cell RAMD64E clocked by clk  {rise@0.000ns fall@5.000ns period=10.000ns})
  Path Group:             clk
  Path Type:              Hold (Min at Fast Process Corner)
  Requirement:            0.000ns  (clk rise@0.000ns - clk rise@0.000ns)
  Data Path Delay:        0.337ns  (logic 0.128ns (37.965%)  route 0.209ns (62.035%))
  Logic Levels:           0  
  Clock Path Skew:        0.013ns (DCD - SCD - CPR)
    Destination Clock Delay (DCD):    2.052ns
    Source Clock Delay      (SCD):    1.538ns
    Clock Pessimism Removal (CPR):    0.502ns

    Location             Delay type                Incr(ns)  Path(ns)    Netlist Resource(s)
  -------------------------------------------------------------------    -------------------
                         (clock clk rise edge)        0.000     0.000 r  <hidden>
    AA9                                               0.000     0.000 r  clk
                         net (fo=0)                   0.000     0.000    clk
    AA9                  IBUF (Prop_ibuf_I_O)         0.236     0.236 r  clk_IBUF_inst/O
                         net (fo=1, routed)           0.663     0.899    clk_IBUF
    BUFGCTRL_X0Y0        BUFG (Prop_bufg_I_O)         0.026     0.925 r  clk_IBUF_BUFG_inst/O
                         net (fo=226, routed)         0.613     1.538    clk_IBUF_BUFG
    SLICE_X7Y22          FDRE                                         r  a_load_count_reg[1]/C
  -------------------------------------------------------------------    -------------------
    SLICE_X7Y22          FDRE (Prop_fdre_C_Q)         0.128     1.666 r  a_load_count_reg[1]/Q
                         net (fo=21, routed)          0.209     1.875    a_mem_reg_0_63_0_2/ADDRD1
    SLICE_X6Y22          RAMD64E                                      r  a_mem_reg_0_63_0_2/RAMB/WADR1
  -------------------------------------------------------------------    -------------------

                         (clock clk rise edge)        0.000     0.000 r  <hidden>
    AA9                                               0.000     0.000 r  clk
                         net (fo=0)                   0.000     0.000    clk
    AA9                  IBUF (Prop_ibuf_I_O)         0.425     0.425 r  clk_IBUF_inst/O
                         net (fo=1, routed)           0.719     1.144    clk_IBUF
    BUFGCTRL_X0Y0        BUFG (Prop_bufg_I_O)         0.029     1.173 r  clk_IBUF_BUFG_inst/O
                         net (fo=226, routed)         0.879     2.052    a_mem_reg_0_63_0_2/WCLK
    SLICE_X6Y22          RAMD64E                                      r  a_mem_reg_0_63_0_2/RAMB/CLK
                         clock pessimism             -0.502     1.551    <hidden>
    SLICE_X6Y22          RAMD64E (Hold_ramd64e_CLK_WADR1)
                                                      0.255     1.806    a_mem_reg_0_63_0_2/RAMB
  -------------------------------------------------------------------
                         required time                         -1.806    <hidden>
                         arrival time                           1.875    <hidden>
  -------------------------------------------------------------------
                         slack                                  0.069    <hidden>

Slack (MET) :             0.069ns  (arrival time - required time)
  Source:                 a_load_count_reg[1]/C
                            (rising edge-triggered cell FDRE clocked by clk  {rise@0.000ns fall@5.000ns period=10.000ns})
  Destination:            a_mem_reg_0_63_0_2/RAMC/WADR1
                            (rising edge-triggered cell RAMD64E clocked by clk  {rise@0.000ns fall@5.000ns period=10.000ns})
  Path Group:             clk
  Path Type:              Hold (Min at Fast Process Corner)
  Requirement:            0.000ns  (clk rise@0.000ns - clk rise@0.000ns)
  Data Path Delay:        0.337ns  (logic 0.128ns (37.965%)  route 0.209ns (62.035%))
  Logic Levels:           0  
  Clock Path Skew:        0.013ns (DCD - SCD - CPR)
    Destination Clock Delay (DCD):    2.052ns
    Source Clock Delay      (SCD):    1.538ns
    Clock Pessimism Removal (CPR):    0.502ns

    Location             Delay type                Incr(ns)  Path(ns)    Netlist Resource(s)
  -------------------------------------------------------------------    -------------------
                         (clock clk rise edge)        0.000     0.000 r  <hidden>
    AA9                                               0.000     0.000 r  clk
                         net (fo=0)                   0.000     0.000    clk
    AA9                  IBUF (Prop_ibuf_I_O)         0.236     0.236 r  clk_IBUF_inst/O
                         net (fo=1, routed)           0.663     0.899    clk_IBUF
    BUFGCTRL_X0Y0        BUFG (Prop_bufg_I_O)         0.026     0.925 r  clk_IBUF_BUFG_inst/O
                         net (fo=226, routed)         0.613     1.538    clk_IBUF_BUFG
    SLICE_X7Y22          FDRE                                         r  a_load_count_reg[1]/C
  -------------------------------------------------------------------    -------------------
    SLICE_X7Y22          FDRE (Prop_fdre_C_Q)         0.128     1.666 r  a_load_count_reg[1]/Q
                         net (fo=21, routed)          0.209     1.875    a_mem_reg_0_63_0_2/ADDRD1
    SLICE_X6Y22          RAMD64E                                      r  a_mem_reg_0_63_0_2/RAMC/WADR1
  -------------------------------------------------------------------    -------------------

                         (clock clk rise edge)        0.000     0.000 r  <hidden>
    AA9                                               0.000     0.000 r  clk
                         net (fo=0)                   0.000     0.000    clk
    AA9                  IBUF (Prop_ibuf_I_O)         0.425     0.425 r  clk_IBUF_inst/O
                         net (fo=1, routed)           0.719     1.144    clk_IBUF
    BUFGCTRL_X0Y0        BUFG (Prop_bufg_I_O)         0.029     1.173 r  clk_IBUF_BUFG_inst/O
                         net (fo=226, routed)         0.879     2.052    a_mem_reg_0_63_0_2/WCLK
    SLICE_X6Y22          RAMD64E                                      r  a_mem_reg_0_63_0_2/RAMC/CLK
                         clock pessimism             -0.502     1.551    <hidden>
    SLICE_X6Y22          RAMD64E (Hold_ramd64e_CLK_WADR1)
                                                      0.255     1.806    a_mem_reg_0_63_0_2/RAMC
  -------------------------------------------------------------------
                         required time                         -1.806    <hidden>
                         arrival time                           1.875    <hidden>
  -------------------------------------------------------------------
                         slack                                  0.069    <hidden>

Slack (MET) :             0.069ns  (arrival time - required time)
  Source:                 a_load_count_reg[1]/C
                            (rising edge-triggered cell FDRE clocked by clk  {rise@0.000ns fall@5.000ns period=10.000ns})
  Destination:            a_mem_reg_0_63_0_2/RAMD/WADR1
                            (rising edge-triggered cell RAMD64E clocked by clk  {rise@0.000ns fall@5.000ns period=10.000ns})
  Path Group:             clk
  Path Type:              Hold (Min at Fast Process Corner)
  Requirement:            0.000ns  (clk rise@0.000ns - clk rise@0.000ns)
  Data Path Delay:        0.337ns  (logic 0.128ns (37.965%)  route 0.209ns (62.035%))
  Logic Levels:           0  
  Clock Path Skew:        0.013ns (DCD - SCD - CPR)
    Destination Clock Delay (DCD):    2.052ns
    Source Clock Delay      (SCD):    1.538ns
    Clock Pessimism Removal (CPR):    0.502ns

    Location             Delay type                Incr(ns)  Path(ns)    Netlist Resource(s)
  -------------------------------------------------------------------    -------------------
                         (clock clk rise edge)        0.000     0.000 r  <hidden>
    AA9                                               0.000     0.000 r  clk
                         net (fo=0)                   0.000     0.000    clk
    AA9                  IBUF (Prop_ibuf_I_O)         0.236     0.236 r  clk_IBUF_inst/O
                         net (fo=1, routed)           0.663     0.899    clk_IBUF
    BUFGCTRL_X0Y0        BUFG (Prop_bufg_I_O)         0.026     0.925 r  clk_IBUF_BUFG_inst/O
                         net (fo=226, routed)         0.613     1.538    clk_IBUF_BUFG
    SLICE_X7Y22          FDRE                                         r  a_load_count_reg[1]/C
  -------------------------------------------------------------------    -------------------
    SLICE_X7Y22          FDRE (Prop_fdre_C_Q)         0.128     1.666 r  a_load_count_reg[1]/Q
                         net (fo=21, routed)          0.209     1.875    a_mem_reg_0_63_0_2/ADDRD1
    SLICE_X6Y22          RAMD64E                                      r  a_mem_reg_0_63_0_2/RAMD/WADR1
  -------------------------------------------------------------------    -------------------

                         (clock clk rise edge)        0.000     0.000 r  <hidden>
    AA9                                               0.000     0.000 r  clk
                         net (fo=0)                   0.000     0.000    clk
    AA9                  IBUF (Prop_ibuf_I_O)         0.425     0.425 r  clk_IBUF_inst/O
                         net (fo=1, routed)           0.719     1.144    clk_IBUF
    BUFGCTRL_X0Y0        BUFG (Prop_bufg_I_O)         0.029     1.173 r  clk_IBUF_BUFG_inst/O
                         net (fo=226, routed)         0.879     2.052    a_mem_reg_0_63_0_2/WCLK
    SLICE_X6Y22          RAMD64E                                      r  a_mem_reg_0_63_0_2/RAMD/CLK
                         clock pessimism             -0.502     1.551    <hidden>
    SLICE_X6Y22          RAMD64E (Hold_ramd64e_CLK_WADR1)
                                                      0.255     1.806    a_mem_reg_0_63_0_2/RAMD
  -------------------------------------------------------------------
                         required time                         -1.806    <hidden>
                         arrival time                           1.875    <hidden>
  -------------------------------------------------------------------
                         slack                                  0.069    <hidden>

Slack (MET) :             0.087ns  (arrival time - required time)
  Source:                 a_load_count_reg[5]/C
                            (rising edge-triggered cell FDRE clocked by clk  {rise@0.000ns fall@5.000ns period=10.000ns})
  Destination:            a_mem_reg_0_63_3_5/RAMA/WADR5
                            (rising edge-triggered cell RAMD64E clocked by clk  {rise@0.000ns fall@5.000ns period=10.000ns})
  Path Group:             clk
  Path Type:              Hold (Min at Fast Process Corner)
  Requirement:            0.000ns  (clk rise@0.000ns - clk rise@0.000ns)
  Data Path Delay:        0.271ns  (logic 0.141ns (51.994%)  route 0.130ns (48.006%))
  Logic Levels:           0  
  Clock Path Skew:        0.014ns (DCD - SCD - CPR)
    Destination Clock Delay (DCD):    2.050ns
    Source Clock Delay      (SCD):    1.535ns
    Clock Pessimism Removal (CPR):    0.502ns

    Location             Delay type                Incr(ns)  Path(ns)    Netlist Resource(s)
  -------------------------------------------------------------------    -------------------
                         (clock clk rise edge)        0.000     0.000 r  <hidden>
    AA9                                               0.000     0.000 r  clk
                         net (fo=0)                   0.000     0.000    clk
    AA9                  IBUF (Prop_ibuf_I_O)         0.236     0.236 r  clk_IBUF_inst/O
                         net (fo=1, routed)           0.663     0.899    clk_IBUF
    BUFGCTRL_X0Y0        BUFG (Prop_bufg_I_O)         0.026     0.925 r  clk_IBUF_BUFG_inst/O
                         net (fo=226, routed)         0.610     1.535    clk_IBUF_BUFG
    SLICE_X7Y24          FDRE                                         r  a_load_count_reg[5]/C
  -------------------------------------------------------------------    -------------------
    SLICE_X7Y24          FDRE (Prop_fdre_C_Q)         0.141     1.676 r  a_load_count_reg[5]/Q
                         net (fo=19, routed)          0.130     1.806    a_mem_reg_0_63_3_5/ADDRD5
    SLICE_X6Y23          RAMD64E                                      r  a_mem_reg_0_63_3_5/RAMA/WADR5
  -------------------------------------------------------------------    -------------------

                         (clock clk rise edge)        0.000     0.000 r  <hidden>
    AA9                                               0.000     0.000 r  clk
                         net (fo=0)                   0.000     0.000    clk
    AA9                  IBUF (Prop_ibuf_I_O)         0.425     0.425 r  clk_IBUF_inst/O
                         net (fo=1, routed)           0.719     1.144    clk_IBUF
    BUFGCTRL_X0Y0        BUFG (Prop_bufg_I_O)         0.029     1.173 r  clk_IBUF_BUFG_inst/O
                         net (fo=226, routed)         0.877     2.050    a_mem_reg_0_63_3_5/WCLK
    SLICE_X6Y23          RAMD64E                                      r  a_mem_reg_0_63_3_5/RAMA/CLK
                         clock pessimism             -0.502     1.549    <hidden>
    SLICE_X6Y23          RAMD64E (Hold_ramd64e_CLK_WADR5)
                                                      0.170     1.719    a_mem_reg_0_63_3_5/RAMA
  -------------------------------------------------------------------
                         required time                         -1.719    <hidden>
                         arrival time                           1.806    <hidden>
  -------------------------------------------------------------------
                         slack                                  0.087    <hidden>

Slack (MET) :             0.087ns  (arrival time - required time)
  Source:                 a_load_count_reg[5]/C
                            (rising edge-triggered cell FDRE clocked by clk  {rise@0.000ns fall@5.000ns period=10.000ns})
  Destination:            a_mem_reg_0_63_3_5/RAMB/WADR5
                            (rising edge-triggered cell RAMD64E clocked by clk  {rise@0.000ns fall@5.000ns period=10.000ns})
  Path Group:             clk
  Path Type:              Hold (Min at Fast Process Corner)
  Requirement:            0.000ns  (clk rise@0.000ns - clk rise@0.000ns)
  Data Path Delay:        0.271ns  (logic 0.141ns (51.994%)  route 0.130ns (48.006%))
  Logic Levels:           0  
  Clock Path Skew:        0.014ns (DCD - SCD - CPR)
    Destination Clock Delay (DCD):    2.050ns
    Source Clock Delay      (SCD):    1.535ns
    Clock Pessimism Removal (CPR):    0.502ns

    Location             Delay type                Incr(ns)  Path(ns)    Netlist Resource(s)
  -------------------------------------------------------------------    -------------------
                         (clock clk rise edge)        0.000     0.000 r  <hidden>
    AA9                                               0.000     0.000 r  clk
                         net (fo=0)                   0.000     0.000    clk
    AA9                  IBUF (Prop_ibuf_I_O)         0.236     0.236 r  clk_IBUF_inst/O
                         net (fo=1, routed)           0.663     0.899    clk_IBUF
    BUFGCTRL_X0Y0        BUFG (Prop_bufg_I_O)         0.026     0.925 r  clk_IBUF_BUFG_inst/O
                         net (fo=226, routed)         0.610     1.535    clk_IBUF_BUFG
    SLICE_X7Y24          FDRE                                         r  a_load_count_reg[5]/C
  -------------------------------------------------------------------    -------------------
    SLICE_X7Y24          FDRE (Prop_fdre_C_Q)         0.141     1.676 r  a_load_count_reg[5]/Q
                         net (fo=19, routed)          0.130     1.806    a_mem_reg_0_63_3_5/ADDRD5
    SLICE_X6Y23          RAMD64E                                      r  a_mem_reg_0_63_3_5/RAMB/WADR5
  -------------------------------------------------------------------    -------------------

                         (clock clk rise edge)        0.000     0.000 r  <hidden>
    AA9                                               0.000     0.000 r  clk
                         net (fo=0)                   0.000     0.000    clk
    AA9                  IBUF (Prop_ibuf_I_O)         0.425     0.425 r  clk_IBUF_inst/O
                         net (fo=1, routed)           0.719     1.144    clk_IBUF
    BUFGCTRL_X0Y0        BUFG (Prop_bufg_I_O)         0.029     1.173 r  clk_IBUF_BUFG_inst/O
                         net (fo=226, routed)         0.877     2.050    a_mem_reg_0_63_3_5/WCLK
    SLICE_X6Y23          RAMD64E                                      r  a_mem_reg_0_63_3_5/RAMB/CLK
                         clock pessimism             -0.502     1.549    <hidden>
    SLICE_X6Y23          RAMD64E (Hold_ramd64e_CLK_WADR5)
                                                      0.170     1.719    a_mem_reg_0_63_3_5/RAMB
  -------------------------------------------------------------------
                         required time                         -1.719    <hidden>
                         arrival time                           1.806    <hidden>
  -------------------------------------------------------------------
                         slack                                  0.087    <hidden>





Pulse Width Checks
--------------------------------------------------------------------------------------
Clock Name:         clk
Waveform(ns):       { 0.000 5.000 }
Period(ns):         10.000
Sources:            { clk }

Check Type        Corner  Lib Pin      Reference Pin  Required(ns)  Actual(ns)  Slack(ns)  Location       Pin
Min Period        n/a     BUFG/I       n/a            2.155         10.000      7.845      BUFGCTRL_X0Y0  clk_IBUF_BUFG_inst/I
Min Period        n/a     FDRE/C       n/a            1.000         10.000      9.000      SLICE_X1Y23    FSM_sequential_state_reg[0]/C
Min Period        n/a     FDRE/C       n/a            1.000         10.000      9.000      SLICE_X1Y23    FSM_sequential_state_reg[1]/C
Min Period        n/a     FDRE/C       n/a            1.000         10.000      9.000      SLICE_X2Y23    FSM_sequential_state_reg[2]/C
Min Period        n/a     FDRE/C       n/a            1.000         10.000      9.000      SLICE_X7Y22    a_load_count_reg[0]/C
Min Period        n/a     FDRE/C       n/a            1.000         10.000      9.000      SLICE_X7Y22    a_load_count_reg[1]/C
Min Period        n/a     FDRE/C       n/a            1.000         10.000      9.000      SLICE_X8Y23    a_load_count_reg[2]/C
Min Period        n/a     FDRE/C       n/a            1.000         10.000      9.000      SLICE_X8Y23    a_load_count_reg[3]/C
Min Period        n/a     FDRE/C       n/a            1.000         10.000      9.000      SLICE_X8Y23    a_load_count_reg[4]/C
Min Period        n/a     FDRE/C       n/a            1.000         10.000      9.000      SLICE_X7Y24    a_load_count_reg[5]/C
Low Pulse Width   Slow    RAMD64E/CLK  n/a            1.250         5.000       3.750      SLICE_X6Y22    a_mem_reg_0_63_0_2/RAMA/CLK
Low Pulse Width   Fast    RAMD64E/CLK  n/a            1.250         5.000       3.750      SLICE_X6Y22    a_mem_reg_0_63_0_2/RAMA/CLK
Low Pulse Width   Slow    RAMD64E/CLK  n/a            1.250         5.000       3.750      SLICE_X6Y22    a_mem_reg_0_63_0_2/RAMB/CLK
Low Pulse Width   Fast    RAMD64E/CLK  n/a            1.250         5.000       3.750      SLICE_X6Y22    a_mem_reg_0_63_0_2/RAMB/CLK
Low Pulse Width   Slow    RAMD64E/CLK  n/a            1.250         5.000       3.750      SLICE_X6Y22    a_mem_reg_0_63_0_2/RAMC/CLK
Low Pulse Width   Fast    RAMD64E/CLK  n/a            1.250         5.000       3.750      SLICE_X6Y22    a_mem_reg_0_63_0_2/RAMC/CLK
Low Pulse Width   Slow    RAMD64E/CLK  n/a            1.250         5.000       3.750      SLICE_X6Y22    a_mem_reg_0_63_0_2/RAMD/CLK
Low Pulse Width   Fast    RAMD64E/CLK  n/a            1.250         5.000       3.750      SLICE_X6Y22    a_mem_reg_0_63_0_2/RAMD/CLK
Low Pulse Width   Slow    RAMD64E/CLK  n/a            1.250         5.000       3.750      SLICE_X6Y23    a_mem_reg_0_63_3_5/RAMA/CLK
Low Pulse Width   Fast    RAMD64E/CLK  n/a            1.250         5.000       3.750      SLICE_X6Y23    a_mem_reg_0_63_3_5/RAMA/CLK
High Pulse Width  Slow    RAMD64E/CLK  n/a            1.250         5.000       3.750      SLICE_X6Y22    a_mem_reg_0_63_0_2/RAMA/CLK
High Pulse Width  Fast    RAMD64E/CLK  n/a            1.250         5.000       3.750      SLICE_X6Y22    a_mem_reg_0_63_0_2/RAMA/CLK
High Pulse Width  Slow    RAMD64E/CLK  n/a            1.250         5.000       3.750      SLICE_X6Y22    a_mem_reg_0_63_0_2/RAMB/CLK
High Pulse Width  Fast    RAMD64E/CLK  n/a            1.250         5.000       3.750      SLICE_X6Y22    a_mem_reg_0_63_0_2/RAMB/CLK
High Pulse Width  Slow    RAMD64E/CLK  n/a            1.250         5.000       3.750      SLICE_X6Y22    a_mem_reg_0_63_0_2/RAMC/CLK
High Pulse Width  Fast    RAMD64E/CLK  n/a            1.250         5.000       3.750      SLICE_X6Y22    a_mem_reg_0_63_0_2/RAMC/CLK
High Pulse Width  Slow    RAMD64E/CLK  n/a            1.250         5.000       3.750      SLICE_X6Y22    a_mem_reg_0_63_0_2/RAMD/CLK
High Pulse Width  Fast    RAMD64E/CLK  n/a            1.250         5.000       3.750      SLICE_X6Y22    a_mem_reg_0_63_0_2/RAMD/CLK
High Pulse Width  Slow    RAMD64E/CLK  n/a            1.250         5.000       3.750      SLICE_X6Y23    a_mem_reg_0_63_3_5/RAMA/CLK
High Pulse Width  Fast    RAMD64E/CLK  n/a            1.250         5.000       3.750      SLICE_X6Y23    a_mem_reg_0_63_3_5/RAMA/CLK



--------------------------------------------------------------------------------------
Path Group:  (none)
From Clock:  
  To Clock:  

Max Delay             1 Endpoint
Min Delay             1 Endpoint
--------------------------------------------------------------------------------------


Max Delay Paths
--------------------------------------------------------------------------------------
Slack:                    inf
  Source:                 cmd_n[2]
                            (input port)
  Destination:            cmd_ready
                            (output port)
  Path Group:             (none)
  Path Type:              Max at Slow Process Corner
  Data Path Delay:        9.944ns  (logic 4.397ns (44.221%)  route 5.546ns (55.779%))
  Logic Levels:           5  (IBUF=1 LUT2=1 LUT6=2 OBUF=1)

    Location             Delay type                Incr(ns)  Path(ns)    Netlist Resource(s)
  -------------------------------------------------------------------    -------------------
    Y9                                                0.000     0.000 r  cmd_n[2]
                         net (fo=0)                   0.000     0.000    cmd_n[2]
    Y9                   IBUF (Prop_ibuf_I_O)         0.975     0.975 r  cmd_n_IBUF[2]_inst/O
                         net (fo=13, routed)          1.882     2.858    u_dot_product/cmd_n_IBUF[2]
    SLICE_X1Y22          LUT6 (Prop_lut6_I0_O)        0.124     2.982 f  u_dot_product/cmd_ready_OBUF_inst_i_5/O
                         net (fo=2, routed)           0.814     3.795    u_dot_product_n_5
    SLICE_X2Y21          LUT6 (Prop_lut6_I0_O)        0.124     3.919 f  cmd_ready_OBUF_inst_i_3/O
                         net (fo=2, routed)           0.514     4.433    cmd_ready_OBUF_inst_i_3_n_0
    SLICE_X2Y21          LUT2 (Prop_lut2_I1_O)        0.119     4.552 r  cmd_ready_OBUF_inst_i_1/O
                         net (fo=1, routed)           2.337     6.889    cmd_ready_OBUF
    V12                  OBUF (Prop_obuf_I_O)         3.055     9.944 r  cmd_ready_OBUF_inst/O
                         net (fo=0)                   0.000     9.944    cmd_ready
    V12                                                               r  cmd_ready
  -------------------------------------------------------------------    -------------------





Min Delay Paths
--------------------------------------------------------------------------------------
Slack:                    inf
  Source:                 cmd_k[0]
                            (input port)
  Destination:            cmd_ready
                            (output port)
  Path Group:             (none)
  Path Type:              Min at Fast Process Corner
  Data Path Delay:        2.959ns  (logic 1.715ns (57.966%)  route 1.244ns (42.034%))
  Logic Levels:           4  (IBUF=1 LUT2=1 LUT6=1 OBUF=1)

    Location             Delay type                Incr(ns)  Path(ns)    Netlist Resource(s)
  -------------------------------------------------------------------    -------------------
    AB7                                               0.000     0.000 r  cmd_k[0]
                         net (fo=0)                   0.000     0.000    cmd_k[0]
    AB7                  IBUF (Prop_ibuf_I_O)         0.209     0.209 r  cmd_k_IBUF[0]_inst/O
                         net (fo=13, routed)          0.430     0.638    cmd_k_IBUF[0]
    SLICE_X2Y21          LUT6 (Prop_lut6_I5_O)        0.045     0.683 f  cmd_ready_OBUF_inst_i_3/O
                         net (fo=2, routed)           0.172     0.855    cmd_ready_OBUF_inst_i_3_n_0
    SLICE_X2Y21          LUT2 (Prop_lut2_I1_O)        0.049     0.904 r  cmd_ready_OBUF_inst_i_1/O
                         net (fo=1, routed)           0.643     1.547    cmd_ready_OBUF
    V12                  OBUF (Prop_obuf_I_O)         1.413     2.959 r  cmd_ready_OBUF_inst/O
                         net (fo=0)                   0.000     2.959    cmd_ready
    V12                                                               r  cmd_ready
  -------------------------------------------------------------------    -------------------





--------------------------------------------------------------------------------------
Path Group:  (none)
From Clock:  clk
  To Clock:  

Max Delay            42 Endpoints
Min Delay            42 Endpoints
--------------------------------------------------------------------------------------


Max Delay Paths
--------------------------------------------------------------------------------------
Slack:                    inf
  Source:                 c_data_reg_reg[4]/C
                            (rising edge-triggered cell FDRE clocked by clk  {rise@0.000ns fall@5.000ns period=10.000ns})
  Destination:            c_data[4]
                            (output port)
  Path Group:             (none)
  Path Type:              Max at Slow Process Corner
  Data Path Delay:        8.847ns  (logic 3.213ns (36.317%)  route 5.634ns (63.683%))
  Logic Levels:           1  (OBUF=1)
  Clock Uncertainty:      0.025ns  ((TSJ^2 + TIJ^2)^1/2 + DJ) / 2 + PE
    Total System Jitter     (TSJ):    0.050ns
    Total Input Jitter      (TIJ):    0.000ns
    Discrete Jitter          (DJ):    0.000ns
    Phase Error              (PE):    0.000ns

    Location             Delay type                Incr(ns)  Path(ns)    Netlist Resource(s)
  -------------------------------------------------------------------    -------------------
                         (clock clk rise edge)        0.000     0.000 r  <hidden>
    AA9                                               0.000     0.000 r  clk
                         net (fo=0)                   0.000     0.000    clk
    AA9                  IBUF (Prop_ibuf_I_O)         1.008     1.008 r  clk_IBUF_inst/O
                         net (fo=1, routed)           2.171     3.179    clk_IBUF
    BUFGCTRL_X0Y0        BUFG (Prop_bufg_I_O)         0.101     3.280 r  clk_IBUF_BUFG_inst/O
                         net (fo=226, routed)         1.735     5.015    clk_IBUF_BUFG
    SLICE_X9Y23          FDRE                                         r  c_data_reg_reg[4]/C
  -------------------------------------------------------------------    -------------------
    SLICE_X9Y23          FDRE (Prop_fdre_C_Q)         0.419     5.434 r  c_data_reg_reg[4]/Q
                         net (fo=1, routed)           5.634    11.067    c_data_OBUF[4]
    Y13                  OBUF (Prop_obuf_I_O)         2.794    13.861 r  c_data_OBUF[4]_inst/O
                         net (fo=0)                   0.000    13.861    c_data[4]
    Y13                                                               r  c_data[4]
  -------------------------------------------------------------------    -------------------

Slack:                    inf
  Source:                 c_data_reg_reg[0]/C
                            (rising edge-triggered cell FDRE clocked by clk  {rise@0.000ns fall@5.000ns period=10.000ns})
  Destination:            c_data[0]
                            (output port)
  Path Group:             (none)
  Path Type:              Max at Slow Process Corner
  Data Path Delay:        8.822ns  (logic 3.051ns (34.584%)  route 5.771ns (65.416%))
  Logic Levels:           1  (OBUF=1)
  Clock Uncertainty:      0.025ns  ((TSJ^2 + TIJ^2)^1/2 + DJ) / 2 + PE
    Total System Jitter     (TSJ):    0.050ns
    Total Input Jitter      (TIJ):    0.000ns
    Discrete Jitter          (DJ):    0.000ns
    Phase Error              (PE):    0.000ns

    Location             Delay type                Incr(ns)  Path(ns)    Netlist Resource(s)
  -------------------------------------------------------------------    -------------------
                         (clock clk rise edge)        0.000     0.000 r  <hidden>
    AA9                                               0.000     0.000 r  clk
                         net (fo=0)                   0.000     0.000    clk
    AA9                  IBUF (Prop_ibuf_I_O)         1.008     1.008 r  clk_IBUF_inst/O
                         net (fo=1, routed)           2.171     3.179    clk_IBUF
    BUFGCTRL_X0Y0        BUFG (Prop_bufg_I_O)         0.101     3.280 r  clk_IBUF_BUFG_inst/O
                         net (fo=226, routed)         1.735     5.015    clk_IBUF_BUFG
    SLICE_X9Y23          FDRE                                         r  c_data_reg_reg[0]/C
  -------------------------------------------------------------------    -------------------
    SLICE_X9Y23          FDRE (Prop_fdre_C_Q)         0.456     5.471 r  c_data_reg_reg[0]/Q
                         net (fo=1, routed)           5.771    11.241    c_data_OBUF[0]
    U14                  OBUF (Prop_obuf_I_O)         2.595    13.836 r  c_data_OBUF[0]_inst/O
                         net (fo=0)                   0.000    13.836    c_data[0]
    U14                                                               r  c_data[0]
  -------------------------------------------------------------------    -------------------

Slack:                    inf
  Source:                 c_data_reg_reg[7]/C
                            (rising edge-triggered cell FDRE clocked by clk  {rise@0.000ns fall@5.000ns period=10.000ns})
  Destination:            c_data[7]
                            (output port)
  Path Group:             (none)
  Path Type:              Max at Slow Process Corner
  Data Path Delay:        8.795ns  (logic 3.155ns (35.869%)  route 5.641ns (64.131%))
  Logic Levels:           1  (OBUF=1)
  Clock Uncertainty:      0.025ns  ((TSJ^2 + TIJ^2)^1/2 + DJ) / 2 + PE
    Total System Jitter     (TSJ):    0.050ns
    Total Input Jitter      (TIJ):    0.000ns
    Discrete Jitter          (DJ):    0.000ns
    Phase Error              (PE):    0.000ns

    Location             Delay type                Incr(ns)  Path(ns)    Netlist Resource(s)
  -------------------------------------------------------------------    -------------------
                         (clock clk rise edge)        0.000     0.000 r  <hidden>
    AA9                                               0.000     0.000 r  clk
                         net (fo=0)                   0.000     0.000    clk
    AA9                  IBUF (Prop_ibuf_I_O)         1.008     1.008 r  clk_IBUF_inst/O
                         net (fo=1, routed)           2.171     3.179    clk_IBUF
    BUFGCTRL_X0Y0        BUFG (Prop_bufg_I_O)         0.101     3.280 r  clk_IBUF_BUFG_inst/O
                         net (fo=226, routed)         1.733     5.013    clk_IBUF_BUFG
    SLICE_X8Y25          FDRE                                         r  c_data_reg_reg[7]/C
  -------------------------------------------------------------------    -------------------
    SLICE_X8Y25          FDRE (Prop_fdre_C_Q)         0.518     5.531 r  c_data_reg_reg[7]/Q
                         net (fo=1, routed)           5.641    11.171    c_data_OBUF[7]
    Y15                  OBUF (Prop_obuf_I_O)         2.637    13.808 r  c_data_OBUF[7]_inst/O
                         net (fo=0)                   0.000    13.808    c_data[7]
    Y15                                                               r  c_data[7]
  -------------------------------------------------------------------    -------------------

Slack:                    inf
  Source:                 c_data_reg_reg[5]/C
                            (rising edge-triggered cell FDRE clocked by clk  {rise@0.000ns fall@5.000ns period=10.000ns})
  Destination:            c_data[5]
                            (output port)
  Path Group:             (none)
  Path Type:              Max at Slow Process Corner
  Data Path Delay:        8.765ns  (logic 3.145ns (35.881%)  route 5.620ns (64.119%))
  Logic Levels:           1  (OBUF=1)
  Clock Uncertainty:      0.025ns  ((TSJ^2 + TIJ^2)^1/2 + DJ) / 2 + PE
    Total System Jitter     (TSJ):    0.050ns
    Total Input Jitter      (TIJ):    0.000ns
    Discrete Jitter          (DJ):    0.000ns
    Phase Error              (PE):    0.000ns

    Location             Delay type                Incr(ns)  Path(ns)    Netlist Resource(s)
  -------------------------------------------------------------------    -------------------
                         (clock clk rise edge)        0.000     0.000 r  <hidden>
    AA9                                               0.000     0.000 r  clk
                         net (fo=0)                   0.000     0.000    clk
    AA9                  IBUF (Prop_ibuf_I_O)         1.008     1.008 r  clk_IBUF_inst/O
                         net (fo=1, routed)           2.171     3.179    clk_IBUF
    BUFGCTRL_X0Y0        BUFG (Prop_bufg_I_O)         0.101     3.280 r  clk_IBUF_BUFG_inst/O
                         net (fo=226, routed)         1.733     5.013    clk_IBUF_BUFG
    SLICE_X8Y25          FDRE                                         r  c_data_reg_reg[5]/C
  -------------------------------------------------------------------    -------------------
    SLICE_X8Y25          FDRE (Prop_fdre_C_Q)         0.518     5.531 r  c_data_reg_reg[5]/Q
                         net (fo=1, routed)           5.620    11.151    c_data_OBUF[5]
    AA14                 OBUF (Prop_obuf_I_O)         2.627    13.778 r  c_data_OBUF[5]_inst/O
                         net (fo=0)                   0.000    13.778    c_data[5]
    AA14                                                              r  c_data[5]
  -------------------------------------------------------------------    -------------------

Slack:                    inf
  Source:                 c_data_reg_reg[14]/C
                            (rising edge-triggered cell FDRE clocked by clk  {rise@0.000ns fall@5.000ns period=10.000ns})
  Destination:            c_data[14]
                            (output port)
  Path Group:             (none)
  Path Type:              Max at Slow Process Corner
  Data Path Delay:        8.749ns  (logic 3.141ns (35.902%)  route 5.608ns (64.098%))
  Logic Levels:           1  (OBUF=1)
  Clock Uncertainty:      0.025ns  ((TSJ^2 + TIJ^2)^1/2 + DJ) / 2 + PE
    Total System Jitter     (TSJ):    0.050ns
    Total Input Jitter      (TIJ):    0.000ns
    Discrete Jitter          (DJ):    0.000ns
    Phase Error              (PE):    0.000ns

    Location             Delay type                Incr(ns)  Path(ns)    Netlist Resource(s)
  -------------------------------------------------------------------    -------------------
                         (clock clk rise edge)        0.000     0.000 r  <hidden>
    AA9                                               0.000     0.000 r  clk
                         net (fo=0)                   0.000     0.000    clk
    AA9                  IBUF (Prop_ibuf_I_O)         1.008     1.008 r  clk_IBUF_inst/O
                         net (fo=1, routed)           2.171     3.179    clk_IBUF
    BUFGCTRL_X0Y0        BUFG (Prop_bufg_I_O)         0.101     3.280 r  clk_IBUF_BUFG_inst/O
                         net (fo=226, routed)         1.740     5.020    clk_IBUF_BUFG
    SLICE_X8Y29          FDRE                                         r  c_data_reg_reg[14]/C
  -------------------------------------------------------------------    -------------------
    SLICE_X8Y29          FDRE (Prop_fdre_C_Q)         0.518     5.538 r  c_data_reg_reg[14]/Q
                         net (fo=1, routed)           5.608    11.146    c_data_OBUF[14]
    AA16                 OBUF (Prop_obuf_I_O)         2.623    13.769 r  c_data_OBUF[14]_inst/O
                         net (fo=0)                   0.000    13.769    c_data[14]
    AA16                                                              r  c_data[14]
  -------------------------------------------------------------------    -------------------

Slack:                    inf
  Source:                 c_data_reg_reg[12]/C
                            (rising edge-triggered cell FDRE clocked by clk  {rise@0.000ns fall@5.000ns period=10.000ns})
  Destination:            c_data[12]
                            (output port)
  Path Group:             (none)
  Path Type:              Max at Slow Process Corner
  Data Path Delay:        8.749ns  (logic 3.145ns (35.943%)  route 5.604ns (64.057%))
  Logic Levels:           1  (OBUF=1)
  Clock Uncertainty:      0.025ns  ((TSJ^2 + TIJ^2)^1/2 + DJ) / 2 + PE
    Total System Jitter     (TSJ):    0.050ns
    Total Input Jitter      (TIJ):    0.000ns
    Discrete Jitter          (DJ):    0.000ns
    Phase Error              (PE):    0.000ns

    Location             Delay type                Incr(ns)  Path(ns)    Netlist Resource(s)
  -------------------------------------------------------------------    -------------------
                         (clock clk rise edge)        0.000     0.000 r  <hidden>
    AA9                                               0.000     0.000 r  clk
                         net (fo=0)                   0.000     0.000    clk
    AA9                  IBUF (Prop_ibuf_I_O)         1.008     1.008 r  clk_IBUF_inst/O
                         net (fo=1, routed)           2.171     3.179    clk_IBUF
    BUFGCTRL_X0Y0        BUFG (Prop_bufg_I_O)         0.101     3.280 r  clk_IBUF_BUFG_inst/O
                         net (fo=226, routed)         1.740     5.020    clk_IBUF_BUFG
    SLICE_X8Y29          FDRE                                         r  c_data_reg_reg[12]/C
  -------------------------------------------------------------------    -------------------
    SLICE_X8Y29          FDRE (Prop_fdre_C_Q)         0.518     5.538 r  c_data_reg_reg[12]/Q
                         net (fo=1, routed)           5.604    11.142    c_data_OBUF[12]
    V14                  OBUF (Prop_obuf_I_O)         2.627    13.768 r  c_data_OBUF[12]_inst/O
                         net (fo=0)                   0.000    13.768    c_data[12]
    V14                                                               r  c_data[12]
  -------------------------------------------------------------------    -------------------

Slack:                    inf
  Source:                 c_data_reg_reg[2]/C
                            (rising edge-triggered cell FDRE clocked by clk  {rise@0.000ns fall@5.000ns period=10.000ns})
  Destination:            c_data[2]
                            (output port)
  Path Group:             (none)
  Path Type:              Max at Slow Process Corner
  Data Path Delay:        8.738ns  (logic 3.085ns (35.311%)  route 5.652ns (64.689%))
  Logic Levels:           1  (OBUF=1)
  Clock Uncertainty:      0.025ns  ((TSJ^2 + TIJ^2)^1/2 + DJ) / 2 + PE
    Total System Jitter     (TSJ):    0.050ns
    Total Input Jitter      (TIJ):    0.000ns
    Discrete Jitter          (DJ):    0.000ns
    Phase Error              (PE):    0.000ns

    Location             Delay type                Incr(ns)  Path(ns)    Netlist Resource(s)
  -------------------------------------------------------------------    -------------------
                         (clock clk rise edge)        0.000     0.000 r  <hidden>
    AA9                                               0.000     0.000 r  clk
                         net (fo=0)                   0.000     0.000    clk
    AA9                  IBUF (Prop_ibuf_I_O)         1.008     1.008 r  clk_IBUF_inst/O
                         net (fo=1, routed)           2.171     3.179    clk_IBUF
    BUFGCTRL_X0Y0        BUFG (Prop_bufg_I_O)         0.101     3.280 r  clk_IBUF_BUFG_inst/O
                         net (fo=226, routed)         1.735     5.015    clk_IBUF_BUFG
    SLICE_X9Y23          FDRE                                         r  c_data_reg_reg[2]/C
  -------------------------------------------------------------------    -------------------
    SLICE_X9Y23          FDRE (Prop_fdre_C_Q)         0.456     5.471 r  c_data_reg_reg[2]/Q
                         net (fo=1, routed)           5.652    11.123    c_data_OBUF[2]
    AB14                 OBUF (Prop_obuf_I_O)         2.629    13.752 r  c_data_OBUF[2]_inst/O
                         net (fo=0)                   0.000    13.752    c_data[2]
    AB14                                                              r  c_data[2]
  -------------------------------------------------------------------    -------------------

Slack:                    inf
  Source:                 c_data_reg_reg[6]/C
                            (rising edge-triggered cell FDRE clocked by clk  {rise@0.000ns fall@5.000ns period=10.000ns})
  Destination:            c_data[6]
                            (output port)
  Path Group:             (none)
  Path Type:              Max at Slow Process Corner
  Data Path Delay:        8.633ns  (logic 3.151ns (36.499%)  route 5.482ns (63.501%))
  Logic Levels:           1  (OBUF=1)
  Clock Uncertainty:      0.025ns  ((TSJ^2 + TIJ^2)^1/2 + DJ) / 2 + PE
    Total System Jitter     (TSJ):    0.050ns
    Total Input Jitter      (TIJ):    0.000ns
    Discrete Jitter          (DJ):    0.000ns
    Phase Error              (PE):    0.000ns

    Location             Delay type                Incr(ns)  Path(ns)    Netlist Resource(s)
  -------------------------------------------------------------------    -------------------
                         (clock clk rise edge)        0.000     0.000 r  <hidden>
    AA9                                               0.000     0.000 r  clk
                         net (fo=0)                   0.000     0.000    clk
    AA9                  IBUF (Prop_ibuf_I_O)         1.008     1.008 r  clk_IBUF_inst/O
                         net (fo=1, routed)           2.171     3.179    clk_IBUF
    BUFGCTRL_X0Y0        BUFG (Prop_bufg_I_O)         0.101     3.280 r  clk_IBUF_BUFG_inst/O
                         net (fo=226, routed)         1.733     5.013    clk_IBUF_BUFG
    SLICE_X8Y25          FDRE                                         r  c_data_reg_reg[6]/C
  -------------------------------------------------------------------    -------------------
    SLICE_X8Y25          FDRE (Prop_fdre_C_Q)         0.518     5.531 r  c_data_reg_reg[6]/Q
                         net (fo=1, routed)           5.482    11.012    c_data_OBUF[6]
    Y14                  OBUF (Prop_obuf_I_O)         2.633    13.645 r  c_data_OBUF[6]_inst/O
                         net (fo=0)                   0.000    13.645    c_data[6]
    Y14                                                               r  c_data[6]
  -------------------------------------------------------------------    -------------------

Slack:                    inf
  Source:                 c_data_reg_reg[1]/C
                            (rising edge-triggered cell FDRE clocked by clk  {rise@0.000ns fall@5.000ns period=10.000ns})
  Destination:            c_data[1]
                            (output port)
  Path Group:             (none)
  Path Type:              Max at Slow Process Corner
  Data Path Delay:        8.569ns  (logic 3.077ns (35.904%)  route 5.493ns (64.096%))
  Logic Levels:           1  (OBUF=1)
  Clock Uncertainty:      0.025ns  ((TSJ^2 + TIJ^2)^1/2 + DJ) / 2 + PE
    Total System Jitter     (TSJ):    0.050ns
    Total Input Jitter      (TIJ):    0.000ns
    Discrete Jitter          (DJ):    0.000ns
    Phase Error              (PE):    0.000ns

    Location             Delay type                Incr(ns)  Path(ns)    Netlist Resource(s)
  -------------------------------------------------------------------    -------------------
                         (clock clk rise edge)        0.000     0.000 r  <hidden>
    AA9                                               0.000     0.000 r  clk
                         net (fo=0)                   0.000     0.000    clk
    AA9                  IBUF (Prop_ibuf_I_O)         1.008     1.008 r  clk_IBUF_inst/O
                         net (fo=1, routed)           2.171     3.179    clk_IBUF
    BUFGCTRL_X0Y0        BUFG (Prop_bufg_I_O)         0.101     3.280 r  clk_IBUF_BUFG_inst/O
                         net (fo=226, routed)         1.735     5.015    clk_IBUF_BUFG
    SLICE_X9Y23          FDRE                                         r  c_data_reg_reg[1]/C
  -------------------------------------------------------------------    -------------------
    SLICE_X9Y23          FDRE (Prop_fdre_C_Q)         0.456     5.471 r  c_data_reg_reg[1]/Q
                         net (fo=1, routed)           5.493    10.963    c_data_OBUF[1]
    AB15                 OBUF (Prop_obuf_I_O)         2.621    13.584 r  c_data_OBUF[1]_inst/O
                         net (fo=0)                   0.000    13.584    c_data[1]
    AB15                                                              r  c_data[1]
  -------------------------------------------------------------------    -------------------

Slack:                    inf
  Source:                 FSM_sequential_state_reg[0]/C
                            (rising edge-triggered cell FDRE clocked by clk  {rise@0.000ns fall@5.000ns period=10.000ns})
  Destination:            cmd_ready
                            (output port)
  Path Group:             (none)
  Path Type:              Max at Slow Process Corner
  Data Path Delay:        8.474ns  (logic 3.916ns (46.208%)  route 4.558ns (53.792%))
  Logic Levels:           4  (LUT2=1 LUT3=1 LUT6=1 OBUF=1)
  Clock Uncertainty:      0.025ns  ((TSJ^2 + TIJ^2)^1/2 + DJ) / 2 + PE
    Total System Jitter     (TSJ):    0.050ns
    Total Input Jitter      (TIJ):    0.000ns
    Discrete Jitter          (DJ):    0.000ns
    Phase Error              (PE):    0.000ns

    Location             Delay type                Incr(ns)  Path(ns)    Netlist Resource(s)
  -------------------------------------------------------------------    -------------------
                         (clock clk rise edge)        0.000     0.000 r  <hidden>
    AA9                                               0.000     0.000 r  clk
                         net (fo=0)                   0.000     0.000    clk
    AA9                  IBUF (Prop_ibuf_I_O)         1.008     1.008 r  clk_IBUF_inst/O
                         net (fo=1, routed)           2.171     3.179    clk_IBUF
    BUFGCTRL_X0Y0        BUFG (Prop_bufg_I_O)         0.101     3.280 r  clk_IBUF_BUFG_inst/O
                         net (fo=226, routed)         1.817     5.097    clk_IBUF_BUFG
    SLICE_X1Y23          FDRE                                         r  FSM_sequential_state_reg[0]/C
  -------------------------------------------------------------------    -------------------
    SLICE_X1Y23          FDRE (Prop_fdre_C_Q)         0.456     5.553 f  FSM_sequential_state_reg[0]/Q
                         net (fo=52, routed)          1.095     6.647    state__0[0]
    SLICE_X2Y22          LUT3 (Prop_lut3_I2_O)        0.124     6.771 f  b_load_count[6]_i_3/O
                         net (fo=3, routed)           0.299     7.070    b_load_count[6]_i_3_n_0
    SLICE_X2Y22          LUT6 (Prop_lut6_I0_O)        0.124     7.194 f  cmd_ready_OBUF_inst_i_2/O
                         net (fo=2, routed)           0.828     8.022    cmd_ready_OBUF_inst_i_2_n_0
    SLICE_X2Y21          LUT2 (Prop_lut2_I0_O)        0.157     8.179 r  cmd_ready_OBUF_inst_i_1/O
                         net (fo=1, routed)           2.337    10.516    cmd_ready_OBUF
    V12                  OBUF (Prop_obuf_I_O)         3.055    13.571 r  cmd_ready_OBUF_inst/O
                         net (fo=0)                   0.000    13.571    cmd_ready
    V12                                                               r  cmd_ready
  -------------------------------------------------------------------    -------------------





Min Delay Paths
--------------------------------------------------------------------------------------
Slack:                    inf
  Source:                 row_index_reg[1]/C
                            (rising edge-triggered cell FDRE clocked by clk  {rise@0.000ns fall@5.000ns period=10.000ns})
  Destination:            c_row[1]
                            (output port)
  Path Group:             (none)
  Path Type:              Min at Fast Process Corner
  Data Path Delay:        1.756ns  (logic 1.274ns (72.559%)  route 0.482ns (27.441%))
  Logic Levels:           1  (OBUF=1)
  Clock Uncertainty:      0.025ns  ((TSJ^2 + TIJ^2)^1/2 + DJ) / 2 + PE
    Total System Jitter     (TSJ):    0.050ns
    Total Input Jitter      (TIJ):    0.000ns
    Discrete Jitter          (DJ):    0.000ns
    Phase Error              (PE):    0.000ns

    Location             Delay type                Incr(ns)  Path(ns)    Netlist Resource(s)
  -------------------------------------------------------------------    -------------------
                         (clock clk rise edge)        0.000     0.000 r  <hidden>
    AA9                                               0.000     0.000 r  clk
                         net (fo=0)                   0.000     0.000    clk
    AA9                  IBUF (Prop_ibuf_I_O)         0.236     0.236 r  clk_IBUF_inst/O
                         net (fo=1, routed)           0.663     0.899    clk_IBUF
    BUFGCTRL_X0Y0        BUFG (Prop_bufg_I_O)         0.026     0.925 r  clk_IBUF_BUFG_inst/O
                         net (fo=226, routed)         0.613     1.538    clk_IBUF_BUFG
    SLICE_X3Y27          FDRE                                         r  row_index_reg[1]/C
  -------------------------------------------------------------------    -------------------
    SLICE_X3Y27          FDRE (Prop_fdre_C_Q)         0.141     1.679 r  row_index_reg[1]/Q
                         net (fo=4, routed)           0.482     2.160    c_row_OBUF[1]
    U9                   OBUF (Prop_obuf_I_O)         1.133     3.293 r  c_row_OBUF[1]_inst/O
                         net (fo=0)                   0.000     3.293    c_row[1]
    U9                                                                r  c_row[1]
  -------------------------------------------------------------------    -------------------

Slack:                    inf
  Source:                 col_index_reg[1]/C
                            (rising edge-triggered cell FDRE clocked by clk  {rise@0.000ns fall@5.000ns period=10.000ns})
  Destination:            c_col[1]
                            (output port)
  Path Group:             (none)
  Path Type:              Min at Fast Process Corner
  Data Path Delay:        1.832ns  (logic 1.389ns (75.806%)  route 0.443ns (24.194%))
  Logic Levels:           1  (OBUF=1)
  Clock Uncertainty:      0.025ns  ((TSJ^2 + TIJ^2)^1/2 + DJ) / 2 + PE
    Total System Jitter     (TSJ):    0.050ns
    Total Input Jitter      (TIJ):    0.000ns
    Discrete Jitter          (DJ):    0.000ns
    Phase Error              (PE):    0.000ns

    Location             Delay type                Incr(ns)  Path(ns)    Netlist Resource(s)
  -------------------------------------------------------------------    -------------------
                         (clock clk rise edge)        0.000     0.000 r  <hidden>
    AA9                                               0.000     0.000 r  clk
                         net (fo=0)                   0.000     0.000    clk
    AA9                  IBUF (Prop_ibuf_I_O)         0.236     0.236 r  clk_IBUF_inst/O
                         net (fo=1, routed)           0.663     0.899    clk_IBUF
    BUFGCTRL_X0Y0        BUFG (Prop_bufg_I_O)         0.026     0.925 r  clk_IBUF_BUFG_inst/O
                         net (fo=226, routed)         0.613     1.538    clk_IBUF_BUFG
    SLICE_X2Y27          FDRE                                         r  col_index_reg[1]/C
  -------------------------------------------------------------------    -------------------
    SLICE_X2Y27          FDRE (Prop_fdre_C_Q)         0.164     1.702 r  col_index_reg[1]/Q
                         net (fo=5, routed)           0.443     2.145    c_col_OBUF[1]
    AA11                 OBUF (Prop_obuf_I_O)         1.225     3.369 r  c_col_OBUF[1]_inst/O
                         net (fo=0)                   0.000     3.369    c_col[1]
    AA11                                                              r  c_col[1]
  -------------------------------------------------------------------    -------------------

Slack:                    inf
  Source:                 row_index_reg[2]/C
                            (rising edge-triggered cell FDRE clocked by clk  {rise@0.000ns fall@5.000ns period=10.000ns})
  Destination:            c_row[2]
                            (output port)
  Path Group:             (none)
  Path Type:              Min at Fast Process Corner
  Data Path Delay:        1.842ns  (logic 1.330ns (72.204%)  route 0.512ns (27.796%))
  Logic Levels:           1  (OBUF=1)
  Clock Uncertainty:      0.025ns  ((TSJ^2 + TIJ^2)^1/2 + DJ) / 2 + PE
    Total System Jitter     (TSJ):    0.050ns
    Total Input Jitter      (TIJ):    0.000ns
    Discrete Jitter          (DJ):    0.000ns
    Phase Error              (PE):    0.000ns

    Location             Delay type                Incr(ns)  Path(ns)    Netlist Resource(s)
  -------------------------------------------------------------------    -------------------
                         (clock clk rise edge)        0.000     0.000 r  <hidden>
    AA9                                               0.000     0.000 r  clk
                         net (fo=0)                   0.000     0.000    clk
    AA9                  IBUF (Prop_ibuf_I_O)         0.236     0.236 r  clk_IBUF_inst/O
                         net (fo=1, routed)           0.663     0.899    clk_IBUF
    BUFGCTRL_X0Y0        BUFG (Prop_bufg_I_O)         0.026     0.925 r  clk_IBUF_BUFG_inst/O
                         net (fo=226, routed)         0.613     1.538    clk_IBUF_BUFG
    SLICE_X3Y27          FDRE                                         r  row_index_reg[2]/C
  -------------------------------------------------------------------    -------------------
    SLICE_X3Y27          FDRE (Prop_fdre_C_Q)         0.128     1.666 r  row_index_reg[2]/Q
                         net (fo=3, routed)           0.512     2.178    c_row_OBUF[2]
    U10                  OBUF (Prop_obuf_I_O)         1.202     3.380 r  c_row_OBUF[2]_inst/O
                         net (fo=0)                   0.000     3.380    c_row[2]
    U10                                                               r  c_row[2]
  -------------------------------------------------------------------    -------------------

Slack:                    inf
  Source:                 row_index_reg[0]/C
                            (rising edge-triggered cell FDRE clocked by clk  {rise@0.000ns fall@5.000ns period=10.000ns})
  Destination:            c_row[0]
                            (output port)
  Path Group:             (none)
  Path Type:              Min at Fast Process Corner
  Data Path Delay:        1.864ns  (logic 1.357ns (72.813%)  route 0.507ns (27.187%))
  Logic Levels:           1  (OBUF=1)
  Clock Uncertainty:      0.025ns  ((TSJ^2 + TIJ^2)^1/2 + DJ) / 2 + PE
    Total System Jitter     (TSJ):    0.050ns
    Total Input Jitter      (TIJ):    0.000ns
    Discrete Jitter          (DJ):    0.000ns
    Phase Error              (PE):    0.000ns

    Location             Delay type                Incr(ns)  Path(ns)    Netlist Resource(s)
  -------------------------------------------------------------------    -------------------
                         (clock clk rise edge)        0.000     0.000 r  <hidden>
    AA9                                               0.000     0.000 r  clk
                         net (fo=0)                   0.000     0.000    clk
    AA9                  IBUF (Prop_ibuf_I_O)         0.236     0.236 r  clk_IBUF_inst/O
                         net (fo=1, routed)           0.663     0.899    clk_IBUF
    BUFGCTRL_X0Y0        BUFG (Prop_bufg_I_O)         0.026     0.925 r  clk_IBUF_BUFG_inst/O
                         net (fo=226, routed)         0.613     1.538    clk_IBUF_BUFG
    SLICE_X3Y27          FDRE                                         r  row_index_reg[0]/C
  -------------------------------------------------------------------    -------------------
    SLICE_X3Y27          FDRE (Prop_fdre_C_Q)         0.141     1.679 r  row_index_reg[0]/Q
                         net (fo=5, routed)           0.507     2.185    c_row_OBUF[0]
    AA12                 OBUF (Prop_obuf_I_O)         1.216     3.401 r  c_row_OBUF[0]_inst/O
                         net (fo=0)                   0.000     3.401    c_row[0]
    AA12                                                              r  c_row[0]
  -------------------------------------------------------------------    -------------------

Slack:                    inf
  Source:                 col_index_reg[0]/C
                            (rising edge-triggered cell FDRE clocked by clk  {rise@0.000ns fall@5.000ns period=10.000ns})
  Destination:            c_col[0]
                            (output port)
  Path Group:             (none)
  Path Type:              Min at Fast Process Corner
  Data Path Delay:        1.897ns  (logic 1.393ns (73.421%)  route 0.504ns (26.579%))
  Logic Levels:           1  (OBUF=1)
  Clock Uncertainty:      0.025ns  ((TSJ^2 + TIJ^2)^1/2 + DJ) / 2 + PE
    Total System Jitter     (TSJ):    0.050ns
    Total Input Jitter      (TIJ):    0.000ns
    Discrete Jitter          (DJ):    0.000ns
    Phase Error              (PE):    0.000ns

    Location             Delay type                Incr(ns)  Path(ns)    Netlist Resource(s)
  -------------------------------------------------------------------    -------------------
                         (clock clk rise edge)        0.000     0.000 r  <hidden>
    AA9                                               0.000     0.000 r  clk
                         net (fo=0)                   0.000     0.000    clk
    AA9                  IBUF (Prop_ibuf_I_O)         0.236     0.236 r  clk_IBUF_inst/O
                         net (fo=1, routed)           0.663     0.899    clk_IBUF
    BUFGCTRL_X0Y0        BUFG (Prop_bufg_I_O)         0.026     0.925 r  clk_IBUF_BUFG_inst/O
                         net (fo=226, routed)         0.613     1.538    clk_IBUF_BUFG
    SLICE_X2Y27          FDRE                                         r  col_index_reg[0]/C
  -------------------------------------------------------------------    -------------------
    SLICE_X2Y27          FDRE (Prop_fdre_C_Q)         0.164     1.702 r  col_index_reg[0]/Q
                         net (fo=6, routed)           0.504     2.206    c_col_OBUF[0]
    AB11                 OBUF (Prop_obuf_I_O)         1.229     3.435 r  c_col_OBUF[0]_inst/O
                         net (fo=0)                   0.000     3.435    c_col[0]
    AB11                                                              r  c_col[0]
  -------------------------------------------------------------------    -------------------

Slack:                    inf
  Source:                 col_index_reg[2]/C
                            (rising edge-triggered cell FDRE clocked by clk  {rise@0.000ns fall@5.000ns period=10.000ns})
  Destination:            c_col[2]
                            (output port)
  Path Group:             (none)
  Path Type:              Min at Fast Process Corner
  Data Path Delay:        1.942ns  (logic 1.409ns (72.571%)  route 0.533ns (27.429%))
  Logic Levels:           1  (OBUF=1)
  Clock Uncertainty:      0.025ns  ((TSJ^2 + TIJ^2)^1/2 + DJ) / 2 + PE
    Total System Jitter     (TSJ):    0.050ns
    Total Input Jitter      (TIJ):    0.000ns
    Discrete Jitter          (DJ):    0.000ns
    Phase Error              (PE):    0.000ns

    Location             Delay type                Incr(ns)  Path(ns)    Netlist Resource(s)
  -------------------------------------------------------------------    -------------------
                         (clock clk rise edge)        0.000     0.000 r  <hidden>
    AA9                                               0.000     0.000 r  clk
                         net (fo=0)                   0.000     0.000    clk
    AA9                  IBUF (Prop_ibuf_I_O)         0.236     0.236 r  clk_IBUF_inst/O
                         net (fo=1, routed)           0.663     0.899    clk_IBUF
    BUFGCTRL_X0Y0        BUFG (Prop_bufg_I_O)         0.026     0.925 r  clk_IBUF_BUFG_inst/O
                         net (fo=226, routed)         0.613     1.538    clk_IBUF_BUFG
    SLICE_X2Y27          FDRE                                         r  col_index_reg[2]/C
  -------------------------------------------------------------------    -------------------
    SLICE_X2Y27          FDRE (Prop_fdre_C_Q)         0.148     1.686 r  col_index_reg[2]/Q
                         net (fo=4, routed)           0.533     2.218    c_col_OBUF[2]
    AB12                 OBUF (Prop_obuf_I_O)         1.261     3.479 r  c_col_OBUF[2]_inst/O
                         net (fo=0)                   0.000     3.479    c_col[2]
    AB12                                                              r  c_col[2]
  -------------------------------------------------------------------    -------------------

Slack:                    inf
  Source:                 FSM_sequential_state_reg[0]/C
                            (rising edge-triggered cell FDRE clocked by clk  {rise@0.000ns fall@5.000ns period=10.000ns})
  Destination:            b_ready
                            (output port)
  Path Group:             (none)
  Path Type:              Min at Fast Process Corner
  Data Path Delay:        2.256ns  (logic 1.466ns (64.978%)  route 0.790ns (35.022%))
  Logic Levels:           2  (LUT3=1 OBUF=1)
  Clock Uncertainty:      0.025ns  ((TSJ^2 + TIJ^2)^1/2 + DJ) / 2 + PE
    Total System Jitter     (TSJ):    0.050ns
    Total Input Jitter      (TIJ):    0.000ns
    Discrete Jitter          (DJ):    0.000ns
    Phase Error              (PE):    0.000ns

    Location             Delay type                Incr(ns)  Path(ns)    Netlist Resource(s)
  -------------------------------------------------------------------    -------------------
                         (clock clk rise edge)        0.000     0.000 r  <hidden>
    AA9                                               0.000     0.000 r  clk
                         net (fo=0)                   0.000     0.000    clk
    AA9                  IBUF (Prop_ibuf_I_O)         0.236     0.236 r  clk_IBUF_inst/O
                         net (fo=1, routed)           0.663     0.899    clk_IBUF
    BUFGCTRL_X0Y0        BUFG (Prop_bufg_I_O)         0.026     0.925 r  clk_IBUF_BUFG_inst/O
                         net (fo=226, routed)         0.611     1.536    clk_IBUF_BUFG
    SLICE_X1Y23          FDRE                                         r  FSM_sequential_state_reg[0]/C
  -------------------------------------------------------------------    -------------------
    SLICE_X1Y23          FDRE (Prop_fdre_C_Q)         0.141     1.677 r  FSM_sequential_state_reg[0]/Q
                         net (fo=52, routed)          0.233     1.910    state__0[0]
    SLICE_X1Y24          LUT3 (Prop_lut3_I0_O)        0.045     1.955 r  b_ready_OBUF_inst_i_1/O
                         net (fo=2, routed)           0.557     2.512    b_ready_OBUF
    U12                  OBUF (Prop_obuf_I_O)         1.280     3.792 r  b_ready_OBUF_inst/O
                         net (fo=0)                   0.000     3.792    b_ready
    U12                                                               r  b_ready
  -------------------------------------------------------------------    -------------------

Slack:                    inf
  Source:                 FSM_sequential_state_reg[0]/C
                            (rising edge-triggered cell FDRE clocked by clk  {rise@0.000ns fall@5.000ns period=10.000ns})
  Destination:            a_ready
                            (output port)
  Path Group:             (none)
  Path Type:              Min at Fast Process Corner
  Data Path Delay:        2.402ns  (logic 1.544ns (64.280%)  route 0.858ns (35.720%))
  Logic Levels:           2  (LUT3=1 OBUF=1)
  Clock Uncertainty:      0.025ns  ((TSJ^2 + TIJ^2)^1/2 + DJ) / 2 + PE
    Total System Jitter     (TSJ):    0.050ns
    Total Input Jitter      (TIJ):    0.000ns
    Discrete Jitter          (DJ):    0.000ns
    Phase Error              (PE):    0.000ns

    Location             Delay type                Incr(ns)  Path(ns)    Netlist Resource(s)
  -------------------------------------------------------------------    -------------------
                         (clock clk rise edge)        0.000     0.000 r  <hidden>
    AA9                                               0.000     0.000 r  clk
                         net (fo=0)                   0.000     0.000    clk
    AA9                  IBUF (Prop_ibuf_I_O)         0.236     0.236 r  clk_IBUF_inst/O
                         net (fo=1, routed)           0.663     0.899    clk_IBUF
    BUFGCTRL_X0Y0        BUFG (Prop_bufg_I_O)         0.026     0.925 r  clk_IBUF_BUFG_inst/O
                         net (fo=226, routed)         0.611     1.536    clk_IBUF_BUFG
    SLICE_X1Y23          FDRE                                         r  FSM_sequential_state_reg[0]/C
  -------------------------------------------------------------------    -------------------
    SLICE_X1Y23          FDRE (Prop_fdre_C_Q)         0.141     1.677 f  FSM_sequential_state_reg[0]/Q
                         net (fo=52, routed)          0.357     2.034    state__0[0]
    SLICE_X3Y27          LUT3 (Prop_lut3_I0_O)        0.049     2.083 r  a_ready_OBUF_inst_i_1/O
                         net (fo=1, routed)           0.501     2.584    a_ready_OBUF
    U11                  OBUF (Prop_obuf_I_O)         1.354     3.938 r  a_ready_OBUF_inst/O
                         net (fo=0)                   0.000     3.938    a_ready
    U11                                                               r  a_ready
  -------------------------------------------------------------------    -------------------

Slack:                    inf
  Source:                 FSM_sequential_state_reg[0]/C
                            (rising edge-triggered cell FDRE clocked by clk  {rise@0.000ns fall@5.000ns period=10.000ns})
  Destination:            c_valid
                            (output port)
  Path Group:             (none)
  Path Type:              Min at Fast Process Corner
  Data Path Delay:        2.450ns  (logic 1.520ns (62.061%)  route 0.929ns (37.939%))
  Logic Levels:           2  (LUT3=1 OBUF=1)
  Clock Uncertainty:      0.025ns  ((TSJ^2 + TIJ^2)^1/2 + DJ) / 2 + PE
    Total System Jitter     (TSJ):    0.050ns
    Total Input Jitter      (TIJ):    0.000ns
    Discrete Jitter          (DJ):    0.000ns
    Phase Error              (PE):    0.000ns

    Location             Delay type                Incr(ns)  Path(ns)    Netlist Resource(s)
  -------------------------------------------------------------------    -------------------
                         (clock clk rise edge)        0.000     0.000 r  <hidden>
    AA9                                               0.000     0.000 r  clk
                         net (fo=0)                   0.000     0.000    clk
    AA9                  IBUF (Prop_ibuf_I_O)         0.236     0.236 r  clk_IBUF_inst/O
                         net (fo=1, routed)           0.663     0.899    clk_IBUF
    BUFGCTRL_X0Y0        BUFG (Prop_bufg_I_O)         0.026     0.925 r  clk_IBUF_BUFG_inst/O
                         net (fo=226, routed)         0.611     1.536    clk_IBUF_BUFG
    SLICE_X1Y23          FDRE                                         r  FSM_sequential_state_reg[0]/C
  -------------------------------------------------------------------    -------------------
    SLICE_X1Y23          FDRE (Prop_fdre_C_Q)         0.141     1.677 r  FSM_sequential_state_reg[0]/Q
                         net (fo=52, routed)          0.409     2.086    state__0[0]
    SLICE_X3Y27          LUT3 (Prop_lut3_I0_O)        0.045     2.131 r  c_valid_OBUF_inst_i_1/O
                         net (fo=1, routed)           0.520     2.651    c_valid_OBUF
    W12                  OBUF (Prop_obuf_I_O)         1.334     3.985 r  c_valid_OBUF_inst/O
                         net (fo=0)                   0.000     3.985    c_valid
    W12                                                               r  c_valid
  -------------------------------------------------------------------    -------------------

Slack:                    inf
  Source:                 c_data_reg_reg[29]/C
                            (rising edge-triggered cell FDRE clocked by clk  {rise@0.000ns fall@5.000ns period=10.000ns})
  Destination:            c_data[29]
                            (output port)
  Path Group:             (none)
  Path Type:              Min at Fast Process Corner
  Data Path Delay:        2.644ns  (logic 1.321ns (49.961%)  route 1.323ns (50.039%))
  Logic Levels:           1  (OBUF=1)
  Clock Uncertainty:      0.025ns  ((TSJ^2 + TIJ^2)^1/2 + DJ) / 2 + PE
    Total System Jitter     (TSJ):    0.050ns
    Total Input Jitter      (TIJ):    0.000ns
    Discrete Jitter          (DJ):    0.000ns
    Phase Error              (PE):    0.000ns

    Location             Delay type                Incr(ns)  Path(ns)    Netlist Resource(s)
  -------------------------------------------------------------------    -------------------
                         (clock clk rise edge)        0.000     0.000 r  <hidden>
    AA9                                               0.000     0.000 r  clk
                         net (fo=0)                   0.000     0.000    clk
    AA9                  IBUF (Prop_ibuf_I_O)         0.236     0.236 r  clk_IBUF_inst/O
                         net (fo=1, routed)           0.663     0.899    clk_IBUF
    BUFGCTRL_X0Y0        BUFG (Prop_bufg_I_O)         0.026     0.925 r  clk_IBUF_BUFG_inst/O
                         net (fo=226, routed)         0.585     1.510    clk_IBUF_BUFG
    SLICE_X8Y29          FDRE                                         r  c_data_reg_reg[29]/C
  -------------------------------------------------------------------    -------------------
    SLICE_X8Y29          FDRE (Prop_fdre_C_Q)         0.164     1.674 r  c_data_reg_reg[29]/Q
                         net (fo=1, routed)           1.323     2.997    c_data_OBUF[29]
    AB20                 OBUF (Prop_obuf_I_O)         1.157     4.154 r  c_data_OBUF[29]_inst/O
                         net (fo=0)                   0.000     4.154    c_data[29]
    AB20                                                              r  c_data[29]
  -------------------------------------------------------------------    -------------------





--------------------------------------------------------------------------------------
Path Group:  (none)
From Clock:  
  To Clock:  clk

Max Delay           338 Endpoints
Min Delay           338 Endpoints
--------------------------------------------------------------------------------------


Max Delay Paths
--------------------------------------------------------------------------------------
Slack:                    inf
  Source:                 rst_n
                            (input port)
  Destination:            c_data_reg_reg[31]/R
                            (rising edge-triggered cell FDRE clocked by clk  {rise@0.000ns fall@5.000ns period=10.000ns})
  Path Group:             (none)
  Path Type:              Setup (Max at Slow Process Corner)
  Data Path Delay:        5.610ns  (logic 1.152ns (20.534%)  route 4.458ns (79.466%))
  Logic Levels:           2  (IBUF=1 LUT1=1)
  Clock Path Skew:        4.504ns (DCD - SCD + CPR)
    Destination Clock Delay (DCD):    4.504ns
    Source Clock Delay      (SCD):    0.000ns
    Clock Pessimism Removal (CPR):    0.000ns
  Clock Uncertainty:      0.025ns  ((TSJ^2 + TIJ^2)^1/2 + DJ) / 2 + PE
    Total System Jitter     (TSJ):    0.050ns
    Total Input Jitter      (TIJ):    0.000ns
    Discrete Jitter          (DJ):    0.000ns
    Phase Error              (PE):    0.000ns

    Location             Delay type                Incr(ns)  Path(ns)    Netlist Resource(s)
  -------------------------------------------------------------------    -------------------
    AB10                                              0.000     0.000 f  rst_n
                         net (fo=0)                   0.000     0.000    rst_n
    AB10                 IBUF (Prop_ibuf_I_O)         1.028     1.028 f  rst_n_IBUF_inst/O
                         net (fo=6, routed)           1.632     2.660    u_dot_product/rst_n_IBUF
    SLICE_X1Y26          LUT1 (Prop_lut1_I0_O)        0.124     2.784 r  u_dot_product/FSM_sequential_state[2]_i_1/O
                         net (fo=150, routed)         2.826     5.610    u_dot_product_n_13
    SLICE_X9Y31          FDRE                                         r  c_data_reg_reg[31]/R
  -------------------------------------------------------------------    -------------------

                         (clock clk rise edge)        0.000     0.000 r  <hidden>
    AA9                                               0.000     0.000 r  clk
                         net (fo=0)                   0.000     0.000    clk
    AA9                  IBUF (Prop_ibuf_I_O)         0.874     0.874 r  clk_IBUF_inst/O
                         net (fo=1, routed)           1.972     2.846    clk_IBUF
    BUFGCTRL_X0Y0        BUFG (Prop_bufg_I_O)         0.091     2.937 r  clk_IBUF_BUFG_inst/O
                         net (fo=226, routed)         1.567     4.504    clk_IBUF_BUFG
    SLICE_X9Y31          FDRE                                         r  c_data_reg_reg[31]/C

Slack:                    inf
  Source:                 rst_n
                            (input port)
  Destination:            a_read_addr_reg[3]/R
                            (rising edge-triggered cell FDRE clocked by clk  {rise@0.000ns fall@5.000ns period=10.000ns})
  Path Group:             (none)
  Path Type:              Setup (Max at Slow Process Corner)
  Data Path Delay:        5.570ns  (logic 1.152ns (20.681%)  route 4.418ns (79.319%))
  Logic Levels:           2  (IBUF=1 LUT1=1)
  Clock Path Skew:        4.580ns (DCD - SCD + CPR)
    Destination Clock Delay (DCD):    4.580ns
    Source Clock Delay      (SCD):    0.000ns
    Clock Pessimism Removal (CPR):    0.000ns
  Clock Uncertainty:      0.025ns  ((TSJ^2 + TIJ^2)^1/2 + DJ) / 2 + PE
    Total System Jitter     (TSJ):    0.050ns
    Total Input Jitter      (TIJ):    0.000ns
    Discrete Jitter          (DJ):    0.000ns
    Phase Error              (PE):    0.000ns

    Location             Delay type                Incr(ns)  Path(ns)    Netlist Resource(s)
  -------------------------------------------------------------------    -------------------
    AB10                                              0.000     0.000 f  rst_n
                         net (fo=0)                   0.000     0.000    rst_n
    AB10                 IBUF (Prop_ibuf_I_O)         1.028     1.028 f  rst_n_IBUF_inst/O
                         net (fo=6, routed)           1.632     2.660    u_dot_product/rst_n_IBUF
    SLICE_X1Y26          LUT1 (Prop_lut1_I0_O)        0.124     2.784 r  u_dot_product/FSM_sequential_state[2]_i_1/O
                         net (fo=150, routed)         2.786     5.570    u_dot_product_n_13
    SLICE_X6Y21          FDRE                                         r  a_read_addr_reg[3]/R
  -------------------------------------------------------------------    -------------------

                         (clock clk rise edge)        0.000     0.000 r  <hidden>
    AA9                                               0.000     0.000 r  clk
                         net (fo=0)                   0.000     0.000    clk
    AA9                  IBUF (Prop_ibuf_I_O)         0.874     0.874 r  clk_IBUF_inst/O
                         net (fo=1, routed)           1.972     2.846    clk_IBUF
    BUFGCTRL_X0Y0        BUFG (Prop_bufg_I_O)         0.091     2.937 r  clk_IBUF_BUFG_inst/O
                         net (fo=226, routed)         1.643     4.580    clk_IBUF_BUFG
    SLICE_X6Y21          FDRE                                         r  a_read_addr_reg[3]/C

Slack:                    inf
  Source:                 rst_n
                            (input port)
  Destination:            a_row_base_reg[3]/R
                            (rising edge-triggered cell FDRE clocked by clk  {rise@0.000ns fall@5.000ns period=10.000ns})
  Path Group:             (none)
  Path Type:              Setup (Max at Slow Process Corner)
  Data Path Delay:        5.570ns  (logic 1.152ns (20.681%)  route 4.418ns (79.319%))
  Logic Levels:           2  (IBUF=1 LUT1=1)
  Clock Path Skew:        4.580ns (DCD - SCD + CPR)
    Destination Clock Delay (DCD):    4.580ns
    Source Clock Delay      (SCD):    0.000ns
    Clock Pessimism Removal (CPR):    0.000ns
  Clock Uncertainty:      0.025ns  ((TSJ^2 + TIJ^2)^1/2 + DJ) / 2 + PE
    Total System Jitter     (TSJ):    0.050ns
    Total Input Jitter      (TIJ):    0.000ns
    Discrete Jitter          (DJ):    0.000ns
    Phase Error              (PE):    0.000ns

    Location             Delay type                Incr(ns)  Path(ns)    Netlist Resource(s)
  -------------------------------------------------------------------    -------------------
    AB10                                              0.000     0.000 f  rst_n
                         net (fo=0)                   0.000     0.000    rst_n
    AB10                 IBUF (Prop_ibuf_I_O)         1.028     1.028 f  rst_n_IBUF_inst/O
                         net (fo=6, routed)           1.632     2.660    u_dot_product/rst_n_IBUF
    SLICE_X1Y26          LUT1 (Prop_lut1_I0_O)        0.124     2.784 r  u_dot_product/FSM_sequential_state[2]_i_1/O
                         net (fo=150, routed)         2.786     5.570    u_dot_product_n_13
    SLICE_X7Y21          FDRE                                         r  a_row_base_reg[3]/R
  -------------------------------------------------------------------    -------------------

                         (clock clk rise edge)        0.000     0.000 r  <hidden>
    AA9                                               0.000     0.000 r  clk
                         net (fo=0)                   0.000     0.000    clk
    AA9                  IBUF (Prop_ibuf_I_O)         0.874     0.874 r  clk_IBUF_inst/O
                         net (fo=1, routed)           1.972     2.846    clk_IBUF
    BUFGCTRL_X0Y0        BUFG (Prop_bufg_I_O)         0.091     2.937 r  clk_IBUF_BUFG_inst/O
                         net (fo=226, routed)         1.643     4.580    clk_IBUF_BUFG
    SLICE_X7Y21          FDRE                                         r  a_row_base_reg[3]/C

Slack:                    inf
  Source:                 rst_n
                            (input port)
  Destination:            a_row_base_reg[4]/R
                            (rising edge-triggered cell FDRE clocked by clk  {rise@0.000ns fall@5.000ns period=10.000ns})
  Path Group:             (none)
  Path Type:              Setup (Max at Slow Process Corner)
  Data Path Delay:        5.570ns  (logic 1.152ns (20.681%)  route 4.418ns (79.319%))
  Logic Levels:           2  (IBUF=1 LUT1=1)
  Clock Path Skew:        4.580ns (DCD - SCD + CPR)
    Destination Clock Delay (DCD):    4.580ns
    Source Clock Delay      (SCD):    0.000ns
    Clock Pessimism Removal (CPR):    0.000ns
  Clock Uncertainty:      0.025ns  ((TSJ^2 + TIJ^2)^1/2 + DJ) / 2 + PE
    Total System Jitter     (TSJ):    0.050ns
    Total Input Jitter      (TIJ):    0.000ns
    Discrete Jitter          (DJ):    0.000ns
    Phase Error              (PE):    0.000ns

    Location             Delay type                Incr(ns)  Path(ns)    Netlist Resource(s)
  -------------------------------------------------------------------    -------------------
    AB10                                              0.000     0.000 f  rst_n
                         net (fo=0)                   0.000     0.000    rst_n
    AB10                 IBUF (Prop_ibuf_I_O)         1.028     1.028 f  rst_n_IBUF_inst/O
                         net (fo=6, routed)           1.632     2.660    u_dot_product/rst_n_IBUF
    SLICE_X1Y26          LUT1 (Prop_lut1_I0_O)        0.124     2.784 r  u_dot_product/FSM_sequential_state[2]_i_1/O
                         net (fo=150, routed)         2.786     5.570    u_dot_product_n_13
    SLICE_X7Y21          FDRE                                         r  a_row_base_reg[4]/R
  -------------------------------------------------------------------    -------------------

                         (clock clk rise edge)        0.000     0.000 r  <hidden>
    AA9                                               0.000     0.000 r  clk
                         net (fo=0)                   0.000     0.000    clk
    AA9                  IBUF (Prop_ibuf_I_O)         0.874     0.874 r  clk_IBUF_inst/O
                         net (fo=1, routed)           1.972     2.846    clk_IBUF
    BUFGCTRL_X0Y0        BUFG (Prop_bufg_I_O)         0.091     2.937 r  clk_IBUF_BUFG_inst/O
                         net (fo=226, routed)         1.643     4.580    clk_IBUF_BUFG
    SLICE_X7Y21          FDRE                                         r  a_row_base_reg[4]/C

Slack:                    inf
  Source:                 rst_n
                            (input port)
  Destination:            a_row_base_reg[5]/R
                            (rising edge-triggered cell FDRE clocked by clk  {rise@0.000ns fall@5.000ns period=10.000ns})
  Path Group:             (none)
  Path Type:              Setup (Max at Slow Process Corner)
  Data Path Delay:        5.570ns  (logic 1.152ns (20.681%)  route 4.418ns (79.319%))
  Logic Levels:           2  (IBUF=1 LUT1=1)
  Clock Path Skew:        4.580ns (DCD - SCD + CPR)
    Destination Clock Delay (DCD):    4.580ns
    Source Clock Delay      (SCD):    0.000ns
    Clock Pessimism Removal (CPR):    0.000ns
  Clock Uncertainty:      0.025ns  ((TSJ^2 + TIJ^2)^1/2 + DJ) / 2 + PE
    Total System Jitter     (TSJ):    0.050ns
    Total Input Jitter      (TIJ):    0.000ns
    Discrete Jitter          (DJ):    0.000ns
    Phase Error              (PE):    0.000ns

    Location             Delay type                Incr(ns)  Path(ns)    Netlist Resource(s)
  -------------------------------------------------------------------    -------------------
    AB10                                              0.000     0.000 f  rst_n
                         net (fo=0)                   0.000     0.000    rst_n
    AB10                 IBUF (Prop_ibuf_I_O)         1.028     1.028 f  rst_n_IBUF_inst/O
                         net (fo=6, routed)           1.632     2.660    u_dot_product/rst_n_IBUF
    SLICE_X1Y26          LUT1 (Prop_lut1_I0_O)        0.124     2.784 r  u_dot_product/FSM_sequential_state[2]_i_1/O
                         net (fo=150, routed)         2.786     5.570    u_dot_product_n_13
    SLICE_X7Y21          FDRE                                         r  a_row_base_reg[5]/R
  -------------------------------------------------------------------    -------------------

                         (clock clk rise edge)        0.000     0.000 r  <hidden>
    AA9                                               0.000     0.000 r  clk
                         net (fo=0)                   0.000     0.000    clk
    AA9                  IBUF (Prop_ibuf_I_O)         0.874     0.874 r  clk_IBUF_inst/O
                         net (fo=1, routed)           1.972     2.846    clk_IBUF
    BUFGCTRL_X0Y0        BUFG (Prop_bufg_I_O)         0.091     2.937 r  clk_IBUF_BUFG_inst/O
                         net (fo=226, routed)         1.643     4.580    clk_IBUF_BUFG
    SLICE_X7Y21          FDRE                                         r  a_row_base_reg[5]/C

Slack:                    inf
  Source:                 cmd_k[3]
                            (input port)
  Destination:            a_total_reg_reg[6]/D
                            (rising edge-triggered cell FDRE clocked by clk  {rise@0.000ns fall@5.000ns period=10.000ns})
  Path Group:             (none)
  Path Type:              Setup (Max at Slow Process Corner)
  Data Path Delay:        5.545ns  (logic 1.799ns (32.437%)  route 3.746ns (67.563%))
  Logic Levels:           4  (CARRY4=1 IBUF=1 LUT6=2)
  Clock Path Skew:        4.577ns (DCD - SCD + CPR)
    Destination Clock Delay (DCD):    4.577ns
    Source Clock Delay      (SCD):    0.000ns
    Clock Pessimism Removal (CPR):    0.000ns
  Clock Uncertainty:      0.025ns  ((TSJ^2 + TIJ^2)^1/2 + DJ) / 2 + PE
    Total System Jitter     (TSJ):    0.050ns
    Total Input Jitter      (TIJ):    0.000ns
    Discrete Jitter          (DJ):    0.000ns
    Phase Error              (PE):    0.000ns

    Location             Delay type                Incr(ns)  Path(ns)    Netlist Resource(s)
  -------------------------------------------------------------------    -------------------
    AB1                                               0.000     0.000 r  cmd_k[3]
                         net (fo=0)                   0.000     0.000    cmd_k[3]
    AB1                  IBUF (Prop_ibuf_I_O)         1.004     1.004 r  cmd_k_IBUF[3]_inst/O
                         net (fo=17, routed)          2.717     3.721    cmd_k_IBUF[3]
    SLICE_X8Y25          LUT6 (Prop_lut6_I4_O)        0.124     3.845 r  a_total_reg[6]_i_3/O
                         net (fo=2, routed)           1.029     4.874    a_total_reg[6]_i_3_n_0
    SLICE_X7Y26          LUT6 (Prop_lut6_I0_O)        0.124     4.998 r  a_total_reg[6]_i_6/O
                         net (fo=1, routed)           0.000     4.998    a_total_reg[6]_i_6_n_0
    SLICE_X7Y26          CARRY4 (Prop_carry4_S[0]_O[2])
                                                      0.547     5.545 r  a_total_reg_reg[6]_i_1/O[2]
                         net (fo=1, routed)           0.000     5.545    a_total_reg0[6]
    SLICE_X7Y26          FDRE                                         r  a_total_reg_reg[6]/D
  -------------------------------------------------------------------    -------------------

                         (clock clk rise edge)        0.000     0.000 r  <hidden>
    AA9                                               0.000     0.000 r  clk
                         net (fo=0)                   0.000     0.000    clk
    AA9                  IBUF (Prop_ibuf_I_O)         0.874     0.874 r  clk_IBUF_inst/O
                         net (fo=1, routed)           1.972     2.846    clk_IBUF
    BUFGCTRL_X0Y0        BUFG (Prop_bufg_I_O)         0.091     2.937 r  clk_IBUF_BUFG_inst/O
                         net (fo=226, routed)         1.640     4.577    clk_IBUF_BUFG
    SLICE_X7Y26          FDRE                                         r  a_total_reg_reg[6]/C

Slack:                    inf
  Source:                 rst_n
                            (input port)
  Destination:            c_data_reg_reg[16]/R
                            (rising edge-triggered cell FDRE clocked by clk  {rise@0.000ns fall@5.000ns period=10.000ns})
  Path Group:             (none)
  Path Type:              Setup (Max at Slow Process Corner)
  Data Path Delay:        5.471ns  (logic 1.152ns (21.054%)  route 4.320ns (78.946%))
  Logic Levels:           2  (IBUF=1 LUT1=1)
  Clock Path Skew:        4.503ns (DCD - SCD + CPR)
    Destination Clock Delay (DCD):    4.503ns
    Source Clock Delay      (SCD):    0.000ns
    Clock Pessimism Removal (CPR):    0.000ns
  Clock Uncertainty:      0.025ns  ((TSJ^2 + TIJ^2)^1/2 + DJ) / 2 + PE
    Total System Jitter     (TSJ):    0.050ns
    Total Input Jitter      (TIJ):    0.000ns
    Discrete Jitter          (DJ):    0.000ns
    Phase Error              (PE):    0.000ns

    Location             Delay type                Incr(ns)  Path(ns)    Netlist Resource(s)
  -------------------------------------------------------------------    -------------------
    AB10                                              0.000     0.000 f  rst_n
                         net (fo=0)                   0.000     0.000    rst_n
    AB10                 IBUF (Prop_ibuf_I_O)         1.028     1.028 f  rst_n_IBUF_inst/O
                         net (fo=6, routed)           1.632     2.660    u_dot_product/rst_n_IBUF
    SLICE_X1Y26          LUT1 (Prop_lut1_I0_O)        0.124     2.784 r  u_dot_product/FSM_sequential_state[2]_i_1/O
                         net (fo=150, routed)         2.687     5.471    u_dot_product_n_13
    SLICE_X9Y30          FDRE                                         r  c_data_reg_reg[16]/R
  -------------------------------------------------------------------    -------------------

                         (clock clk rise edge)        0.000     0.000 r  <hidden>
    AA9                                               0.000     0.000 r  clk
                         net (fo=0)                   0.000     0.000    clk
    AA9                  IBUF (Prop_ibuf_I_O)         0.874     0.874 r  clk_IBUF_inst/O
                         net (fo=1, routed)           1.972     2.846    clk_IBUF
    BUFGCTRL_X0Y0        BUFG (Prop_bufg_I_O)         0.091     2.937 r  clk_IBUF_BUFG_inst/O
                         net (fo=226, routed)         1.566     4.503    clk_IBUF_BUFG
    SLICE_X9Y30          FDRE                                         r  c_data_reg_reg[16]/C

Slack:                    inf
  Source:                 rst_n
                            (input port)
  Destination:            c_data_reg_reg[17]/R
                            (rising edge-triggered cell FDRE clocked by clk  {rise@0.000ns fall@5.000ns period=10.000ns})
  Path Group:             (none)
  Path Type:              Setup (Max at Slow Process Corner)
  Data Path Delay:        5.471ns  (logic 1.152ns (21.054%)  route 4.320ns (78.946%))
  Logic Levels:           2  (IBUF=1 LUT1=1)
  Clock Path Skew:        4.503ns (DCD - SCD + CPR)
    Destination Clock Delay (DCD):    4.503ns
    Source Clock Delay      (SCD):    0.000ns
    Clock Pessimism Removal (CPR):    0.000ns
  Clock Uncertainty:      0.025ns  ((TSJ^2 + TIJ^2)^1/2 + DJ) / 2 + PE
    Total System Jitter     (TSJ):    0.050ns
    Total Input Jitter      (TIJ):    0.000ns
    Discrete Jitter          (DJ):    0.000ns
    Phase Error              (PE):    0.000ns

    Location             Delay type                Incr(ns)  Path(ns)    Netlist Resource(s)
  -------------------------------------------------------------------    -------------------
    AB10                                              0.000     0.000 f  rst_n
                         net (fo=0)                   0.000     0.000    rst_n
    AB10                 IBUF (Prop_ibuf_I_O)         1.028     1.028 f  rst_n_IBUF_inst/O
                         net (fo=6, routed)           1.632     2.660    u_dot_product/rst_n_IBUF
    SLICE_X1Y26          LUT1 (Prop_lut1_I0_O)        0.124     2.784 r  u_dot_product/FSM_sequential_state[2]_i_1/O
                         net (fo=150, routed)         2.687     5.471    u_dot_product_n_13
    SLICE_X9Y30          FDRE                                         r  c_data_reg_reg[17]/R
  -------------------------------------------------------------------    -------------------

                         (clock clk rise edge)        0.000     0.000 r  <hidden>
    AA9                                               0.000     0.000 r  clk
                         net (fo=0)                   0.000     0.000    clk
    AA9                  IBUF (Prop_ibuf_I_O)         0.874     0.874 r  clk_IBUF_inst/O
                         net (fo=1, routed)           1.972     2.846    clk_IBUF
    BUFGCTRL_X0Y0        BUFG (Prop_bufg_I_O)         0.091     2.937 r  clk_IBUF_BUFG_inst/O
                         net (fo=226, routed)         1.566     4.503    clk_IBUF_BUFG
    SLICE_X9Y30          FDRE                                         r  c_data_reg_reg[17]/C

Slack:                    inf
  Source:                 rst_n
                            (input port)
  Destination:            c_data_reg_reg[18]/R
                            (rising edge-triggered cell FDRE clocked by clk  {rise@0.000ns fall@5.000ns period=10.000ns})
  Path Group:             (none)
  Path Type:              Setup (Max at Slow Process Corner)
  Data Path Delay:        5.471ns  (logic 1.152ns (21.054%)  route 4.320ns (78.946%))
  Logic Levels:           2  (IBUF=1 LUT1=1)
  Clock Path Skew:        4.503ns (DCD - SCD + CPR)
    Destination Clock Delay (DCD):    4.503ns
    Source Clock Delay      (SCD):    0.000ns
    Clock Pessimism Removal (CPR):    0.000ns
  Clock Uncertainty:      0.025ns  ((TSJ^2 + TIJ^2)^1/2 + DJ) / 2 + PE
    Total System Jitter     (TSJ):    0.050ns
    Total Input Jitter      (TIJ):    0.000ns
    Discrete Jitter          (DJ):    0.000ns
    Phase Error              (PE):    0.000ns

    Location             Delay type                Incr(ns)  Path(ns)    Netlist Resource(s)
  -------------------------------------------------------------------    -------------------
    AB10                                              0.000     0.000 f  rst_n
                         net (fo=0)                   0.000     0.000    rst_n
    AB10                 IBUF (Prop_ibuf_I_O)         1.028     1.028 f  rst_n_IBUF_inst/O
                         net (fo=6, routed)           1.632     2.660    u_dot_product/rst_n_IBUF
    SLICE_X1Y26          LUT1 (Prop_lut1_I0_O)        0.124     2.784 r  u_dot_product/FSM_sequential_state[2]_i_1/O
                         net (fo=150, routed)         2.687     5.471    u_dot_product_n_13
    SLICE_X9Y30          FDRE                                         r  c_data_reg_reg[18]/R
  -------------------------------------------------------------------    -------------------

                         (clock clk rise edge)        0.000     0.000 r  <hidden>
    AA9                                               0.000     0.000 r  clk
                         net (fo=0)                   0.000     0.000    clk
    AA9                  IBUF (Prop_ibuf_I_O)         0.874     0.874 r  clk_IBUF_inst/O
                         net (fo=1, routed)           1.972     2.846    clk_IBUF
    BUFGCTRL_X0Y0        BUFG (Prop_bufg_I_O)         0.091     2.937 r  clk_IBUF_BUFG_inst/O
                         net (fo=226, routed)         1.566     4.503    clk_IBUF_BUFG
    SLICE_X9Y30          FDRE                                         r  c_data_reg_reg[18]/C

Slack:                    inf
  Source:                 rst_n
                            (input port)
  Destination:            c_data_reg_reg[19]/R
                            (rising edge-triggered cell FDRE clocked by clk  {rise@0.000ns fall@5.000ns period=10.000ns})
  Path Group:             (none)
  Path Type:              Setup (Max at Slow Process Corner)
  Data Path Delay:        5.471ns  (logic 1.152ns (21.054%)  route 4.320ns (78.946%))
  Logic Levels:           2  (IBUF=1 LUT1=1)
  Clock Path Skew:        4.503ns (DCD - SCD + CPR)
    Destination Clock Delay (DCD):    4.503ns
    Source Clock Delay      (SCD):    0.000ns
    Clock Pessimism Removal (CPR):    0.000ns
  Clock Uncertainty:      0.025ns  ((TSJ^2 + TIJ^2)^1/2 + DJ) / 2 + PE
    Total System Jitter     (TSJ):    0.050ns
    Total Input Jitter      (TIJ):    0.000ns
    Discrete Jitter          (DJ):    0.000ns
    Phase Error              (PE):    0.000ns

    Location             Delay type                Incr(ns)  Path(ns)    Netlist Resource(s)
  -------------------------------------------------------------------    -------------------
    AB10                                              0.000     0.000 f  rst_n
                         net (fo=0)                   0.000     0.000    rst_n
    AB10                 IBUF (Prop_ibuf_I_O)         1.028     1.028 f  rst_n_IBUF_inst/O
                         net (fo=6, routed)           1.632     2.660    u_dot_product/rst_n_IBUF
    SLICE_X1Y26          LUT1 (Prop_lut1_I0_O)        0.124     2.784 r  u_dot_product/FSM_sequential_state[2]_i_1/O
                         net (fo=150, routed)         2.687     5.471    u_dot_product_n_13
    SLICE_X9Y30          FDRE                                         r  c_data_reg_reg[19]/R
  -------------------------------------------------------------------    -------------------

                         (clock clk rise edge)        0.000     0.000 r  <hidden>
    AA9                                               0.000     0.000 r  clk
                         net (fo=0)                   0.000     0.000    clk
    AA9                  IBUF (Prop_ibuf_I_O)         0.874     0.874 r  clk_IBUF_inst/O
                         net (fo=1, routed)           1.972     2.846    clk_IBUF
    BUFGCTRL_X0Y0        BUFG (Prop_bufg_I_O)         0.091     2.937 r  clk_IBUF_BUFG_inst/O
                         net (fo=226, routed)         1.566     4.503    clk_IBUF_BUFG
    SLICE_X9Y30          FDRE                                         r  c_data_reg_reg[19]/C





Min Delay Paths
--------------------------------------------------------------------------------------
Slack:                    inf
  Source:                 cmd_k[0]
                            (input port)
  Destination:            k_reg_reg[0]/D
                            (rising edge-triggered cell FDRE clocked by clk  {rise@0.000ns fall@5.000ns period=10.000ns})
  Path Group:             (none)
  Path Type:              Hold (Min at Fast Process Corner)
  Data Path Delay:        0.603ns  (logic 0.209ns (34.605%)  route 0.395ns (65.395%))
  Logic Levels:           1  (IBUF=1)
  Clock Path Skew:        2.054ns (DCD - SCD - CPR)
    Destination Clock Delay (DCD):    2.054ns
    Source Clock Delay      (SCD):    0.000ns
    Clock Pessimism Removal (CPR):    -0.000ns

    Location             Delay type                Incr(ns)  Path(ns)    Netlist Resource(s)
  -------------------------------------------------------------------    -------------------
    AB7                                               0.000     0.000 r  cmd_k[0]
                         net (fo=0)                   0.000     0.000    cmd_k[0]
    AB7                  IBUF (Prop_ibuf_I_O)         0.209     0.209 r  cmd_k_IBUF[0]_inst/O
                         net (fo=13, routed)          0.395     0.603    cmd_k_IBUF[0]
    SLICE_X3Y21          FDRE                                         r  k_reg_reg[0]/D
  -------------------------------------------------------------------    -------------------

                         (clock clk rise edge)        0.000     0.000 r  <hidden>
    AA9                                               0.000     0.000 r  clk
                         net (fo=0)                   0.000     0.000    clk
    AA9                  IBUF (Prop_ibuf_I_O)         0.425     0.425 r  clk_IBUF_inst/O
                         net (fo=1, routed)           0.719     1.144    clk_IBUF
    BUFGCTRL_X0Y0        BUFG (Prop_bufg_I_O)         0.029     1.173 r  clk_IBUF_BUFG_inst/O
                         net (fo=226, routed)         0.881     2.054    clk_IBUF_BUFG
    SLICE_X3Y21          FDRE                                         r  k_reg_reg[0]/C

Slack:                    inf
  Source:                 cmd_k[4]
                            (input port)
  Destination:            k_reg_reg[4]/D
                            (rising edge-triggered cell FDRE clocked by clk  {rise@0.000ns fall@5.000ns period=10.000ns})
  Path Group:             (none)
  Path Type:              Hold (Min at Fast Process Corner)
  Data Path Delay:        0.646ns  (logic 0.217ns (33.669%)  route 0.428ns (66.331%))
  Logic Levels:           1  (IBUF=1)
  Clock Path Skew:        2.054ns (DCD - SCD - CPR)
    Destination Clock Delay (DCD):    2.054ns
    Source Clock Delay      (SCD):    0.000ns
    Clock Pessimism Removal (CPR):    -0.000ns

    Location             Delay type                Incr(ns)  Path(ns)    Netlist Resource(s)
  -------------------------------------------------------------------    -------------------
    AB2                                               0.000     0.000 r  cmd_k[4]
                         net (fo=0)                   0.000     0.000    cmd_k[4]
    AB2                  IBUF (Prop_ibuf_I_O)         0.217     0.217 r  cmd_k_IBUF[4]_inst/O
                         net (fo=12, routed)          0.428     0.646    cmd_k_IBUF[4]
    SLICE_X3Y21          FDRE                                         r  k_reg_reg[4]/D
  -------------------------------------------------------------------    -------------------

                         (clock clk rise edge)        0.000     0.000 r  <hidden>
    AA9                                               0.000     0.000 r  clk
                         net (fo=0)                   0.000     0.000    clk
    AA9                  IBUF (Prop_ibuf_I_O)         0.425     0.425 r  clk_IBUF_inst/O
                         net (fo=1, routed)           0.719     1.144    clk_IBUF
    BUFGCTRL_X0Y0        BUFG (Prop_bufg_I_O)         0.029     1.173 r  clk_IBUF_BUFG_inst/O
                         net (fo=226, routed)         0.881     2.054    clk_IBUF_BUFG
    SLICE_X3Y21          FDRE                                         r  k_reg_reg[4]/C

Slack:                    inf
  Source:                 cmd_m[2]
                            (input port)
  Destination:            m_reg_reg[2]/D
                            (rising edge-triggered cell FDRE clocked by clk  {rise@0.000ns fall@5.000ns period=10.000ns})
  Path Group:             (none)
  Path Type:              Hold (Min at Fast Process Corner)
  Data Path Delay:        0.655ns  (logic 0.193ns (29.464%)  route 0.462ns (70.536%))
  Logic Levels:           1  (IBUF=1)
  Clock Path Skew:        2.050ns (DCD - SCD - CPR)
    Destination Clock Delay (DCD):    2.050ns
    Source Clock Delay      (SCD):    0.000ns
    Clock Pessimism Removal (CPR):    -0.000ns

    Location             Delay type                Incr(ns)  Path(ns)    Netlist Resource(s)
  -------------------------------------------------------------------    -------------------
    Y5                                                0.000     0.000 r  cmd_m[2]
                         net (fo=0)                   0.000     0.000    cmd_m[2]
    Y5                   IBUF (Prop_ibuf_I_O)         0.193     0.193 r  cmd_m_IBUF[2]_inst/O
                         net (fo=11, routed)          0.462     0.655    cmd_m_IBUF[2]
    SLICE_X3Y24          FDRE                                         r  m_reg_reg[2]/D
  -------------------------------------------------------------------    -------------------

                         (clock clk rise edge)        0.000     0.000 r  <hidden>
    AA9                                               0.000     0.000 r  clk
                         net (fo=0)                   0.000     0.000    clk
    AA9                  IBUF (Prop_ibuf_I_O)         0.425     0.425 r  clk_IBUF_inst/O
                         net (fo=1, routed)           0.719     1.144    clk_IBUF
    BUFGCTRL_X0Y0        BUFG (Prop_bufg_I_O)         0.029     1.173 r  clk_IBUF_BUFG_inst/O
                         net (fo=226, routed)         0.877     2.050    clk_IBUF_BUFG
    SLICE_X3Y24          FDRE                                         r  m_reg_reg[2]/C

Slack:                    inf
  Source:                 cmd_m[0]
                            (input port)
  Destination:            m_reg_reg[0]/D
                            (rising edge-triggered cell FDRE clocked by clk  {rise@0.000ns fall@5.000ns period=10.000ns})
  Path Group:             (none)
  Path Type:              Hold (Min at Fast Process Corner)
  Data Path Delay:        0.662ns  (logic 0.208ns (31.486%)  route 0.454ns (68.514%))
  Logic Levels:           1  (IBUF=1)
  Clock Path Skew:        2.050ns (DCD - SCD - CPR)
    Destination Clock Delay (DCD):    2.050ns
    Source Clock Delay      (SCD):    0.000ns
    Clock Pessimism Removal (CPR):    -0.000ns

    Location             Delay type                Incr(ns)  Path(ns)    Netlist Resource(s)
  -------------------------------------------------------------------    -------------------
    AA6                                               0.000     0.000 r  cmd_m[0]
                         net (fo=0)                   0.000     0.000    cmd_m[0]
    AA6                  IBUF (Prop_ibuf_I_O)         0.208     0.208 r  cmd_m_IBUF[0]_inst/O
                         net (fo=12, routed)          0.454     0.662    cmd_m_IBUF[0]
    SLICE_X3Y24          FDRE                                         r  m_reg_reg[0]/D
  -------------------------------------------------------------------    -------------------

                         (clock clk rise edge)        0.000     0.000 r  <hidden>
    AA9                                               0.000     0.000 r  clk
                         net (fo=0)                   0.000     0.000    clk
    AA9                  IBUF (Prop_ibuf_I_O)         0.425     0.425 r  clk_IBUF_inst/O
                         net (fo=1, routed)           0.719     1.144    clk_IBUF
    BUFGCTRL_X0Y0        BUFG (Prop_bufg_I_O)         0.029     1.173 r  clk_IBUF_BUFG_inst/O
                         net (fo=226, routed)         0.877     2.050    clk_IBUF_BUFG
    SLICE_X3Y24          FDRE                                         r  m_reg_reg[0]/C

Slack:                    inf
  Source:                 cmd_k[1]
                            (input port)
  Destination:            k_reg_reg[1]/D
                            (rising edge-triggered cell FDRE clocked by clk  {rise@0.000ns fall@5.000ns period=10.000ns})
  Path Group:             (none)
  Path Type:              Hold (Min at Fast Process Corner)
  Data Path Delay:        0.708ns  (logic 0.195ns (27.609%)  route 0.512ns (72.391%))
  Logic Levels:           1  (IBUF=1)
  Clock Path Skew:        2.054ns (DCD - SCD - CPR)
    Destination Clock Delay (DCD):    2.054ns
    Source Clock Delay      (SCD):    0.000ns
    Clock Pessimism Removal (CPR):    -0.000ns

    Location             Delay type                Incr(ns)  Path(ns)    Netlist Resource(s)
  -------------------------------------------------------------------    -------------------
    AB4                                               0.000     0.000 r  cmd_k[1]
                         net (fo=0)                   0.000     0.000    cmd_k[1]
    AB4                  IBUF (Prop_ibuf_I_O)         0.195     0.195 r  cmd_k_IBUF[1]_inst/O
                         net (fo=17, routed)          0.512     0.708    cmd_k_IBUF[1]
    SLICE_X3Y21          FDRE                                         r  k_reg_reg[1]/D
  -------------------------------------------------------------------    -------------------

                         (clock clk rise edge)        0.000     0.000 r  <hidden>
    AA9                                               0.000     0.000 r  clk
                         net (fo=0)                   0.000     0.000    clk
    AA9                  IBUF (Prop_ibuf_I_O)         0.425     0.425 r  clk_IBUF_inst/O
                         net (fo=1, routed)           0.719     1.144    clk_IBUF
    BUFGCTRL_X0Y0        BUFG (Prop_bufg_I_O)         0.029     1.173 r  clk_IBUF_BUFG_inst/O
                         net (fo=226, routed)         0.881     2.054    clk_IBUF_BUFG
    SLICE_X3Y21          FDRE                                         r  k_reg_reg[1]/C

Slack:                    inf
  Source:                 b_data[6]
                            (input port)
  Destination:            b_mem_reg_0_63_6_7/RAMA/I
                            (rising edge-triggered cell RAMD64E clocked by clk  {rise@0.000ns fall@5.000ns period=10.000ns})
  Path Group:             (none)
  Path Type:              Hold (Min at Fast Process Corner)
  Data Path Delay:        0.724ns  (logic 0.174ns (23.969%)  route 0.551ns (76.031%))
  Logic Levels:           1  (IBUF=1)
  Clock Path Skew:        2.052ns (DCD - SCD - CPR)
    Destination Clock Delay (DCD):    2.052ns
    Source Clock Delay      (SCD):    0.000ns
    Clock Pessimism Removal (CPR):    -0.000ns

    Location             Delay type                Incr(ns)  Path(ns)    Netlist Resource(s)
  -------------------------------------------------------------------    -------------------
    Y4                                                0.000     0.000 r  b_data[6]
                         net (fo=0)                   0.000     0.000    b_data[6]
    Y4                   IBUF (Prop_ibuf_I_O)         0.174     0.174 r  b_data_IBUF[6]_inst/O
                         net (fo=1, routed)           0.551     0.724    b_mem_reg_0_63_6_7/DIA
    SLICE_X4Y27          RAMD64E                                      r  b_mem_reg_0_63_6_7/RAMA/I
  -------------------------------------------------------------------    -------------------

                         (clock clk rise edge)        0.000     0.000 r  <hidden>
    AA9                                               0.000     0.000 r  clk
                         net (fo=0)                   0.000     0.000    clk
    AA9                  IBUF (Prop_ibuf_I_O)         0.425     0.425 r  clk_IBUF_inst/O
                         net (fo=1, routed)           0.719     1.144    clk_IBUF
    BUFGCTRL_X0Y0        BUFG (Prop_bufg_I_O)         0.029     1.173 r  clk_IBUF_BUFG_inst/O
                         net (fo=226, routed)         0.879     2.052    b_mem_reg_0_63_6_7/WCLK
    SLICE_X4Y27          RAMD64E                                      r  b_mem_reg_0_63_6_7/RAMA/CLK

Slack:                    inf
  Source:                 cmd_k[3]
                            (input port)
  Destination:            k_reg_reg[3]/D
                            (rising edge-triggered cell FDRE clocked by clk  {rise@0.000ns fall@5.000ns period=10.000ns})
  Path Group:             (none)
  Path Type:              Hold (Min at Fast Process Corner)
  Data Path Delay:        0.725ns  (logic 0.232ns (32.018%)  route 0.493ns (67.982%))
  Logic Levels:           1  (IBUF=1)
  Clock Path Skew:        2.054ns (DCD - SCD - CPR)
    Destination Clock Delay (DCD):    2.054ns
    Source Clock Delay      (SCD):    0.000ns
    Clock Pessimism Removal (CPR):    -0.000ns

    Location             Delay type                Incr(ns)  Path(ns)    Netlist Resource(s)
  -------------------------------------------------------------------    -------------------
    AB1                                               0.000     0.000 r  cmd_k[3]
                         net (fo=0)                   0.000     0.000    cmd_k[3]
    AB1                  IBUF (Prop_ibuf_I_O)         0.232     0.232 r  cmd_k_IBUF[3]_inst/O
                         net (fo=17, routed)          0.493     0.725    cmd_k_IBUF[3]
    SLICE_X3Y21          FDRE                                         r  k_reg_reg[3]/D
  -------------------------------------------------------------------    -------------------

                         (clock clk rise edge)        0.000     0.000 r  <hidden>
    AA9                                               0.000     0.000 r  clk
                         net (fo=0)                   0.000     0.000    clk
    AA9                  IBUF (Prop_ibuf_I_O)         0.425     0.425 r  clk_IBUF_inst/O
                         net (fo=1, routed)           0.719     1.144    clk_IBUF
    BUFGCTRL_X0Y0        BUFG (Prop_bufg_I_O)         0.029     1.173 r  clk_IBUF_BUFG_inst/O
                         net (fo=226, routed)         0.881     2.054    clk_IBUF_BUFG
    SLICE_X3Y21          FDRE                                         r  k_reg_reg[3]/C

Slack:                    inf
  Source:                 cmd_k[2]
                            (input port)
  Destination:            k_reg_reg[2]/D
                            (rising edge-triggered cell FDRE clocked by clk  {rise@0.000ns fall@5.000ns period=10.000ns})
  Path Group:             (none)
  Path Type:              Hold (Min at Fast Process Corner)
  Data Path Delay:        0.732ns  (logic 0.195ns (26.598%)  route 0.537ns (73.402%))
  Logic Levels:           1  (IBUF=1)
  Clock Path Skew:        2.054ns (DCD - SCD - CPR)
    Destination Clock Delay (DCD):    2.054ns
    Source Clock Delay      (SCD):    0.000ns
    Clock Pessimism Removal (CPR):    -0.000ns

    Location             Delay type                Incr(ns)  Path(ns)    Netlist Resource(s)
  -------------------------------------------------------------------    -------------------
    AB5                                               0.000     0.000 r  cmd_k[2]
                         net (fo=0)                   0.000     0.000    cmd_k[2]
    AB5                  IBUF (Prop_ibuf_I_O)         0.195     0.195 r  cmd_k_IBUF[2]_inst/O
                         net (fo=17, routed)          0.537     0.732    cmd_k_IBUF[2]
    SLICE_X3Y21          FDRE                                         r  k_reg_reg[2]/D
  -------------------------------------------------------------------    -------------------

                         (clock clk rise edge)        0.000     0.000 r  <hidden>
    AA9                                               0.000     0.000 r  clk
                         net (fo=0)                   0.000     0.000    clk
    AA9                  IBUF (Prop_ibuf_I_O)         0.425     0.425 r  clk_IBUF_inst/O
                         net (fo=1, routed)           0.719     1.144    clk_IBUF
    BUFGCTRL_X0Y0        BUFG (Prop_bufg_I_O)         0.029     1.173 r  clk_IBUF_BUFG_inst/O
                         net (fo=226, routed)         0.881     2.054    clk_IBUF_BUFG
    SLICE_X3Y21          FDRE                                         r  k_reg_reg[2]/C

Slack:                    inf
  Source:                 b_data[3]
                            (input port)
  Destination:            b_mem_reg_0_63_3_5/RAMA/I
                            (rising edge-triggered cell RAMD64E clocked by clk  {rise@0.000ns fall@5.000ns period=10.000ns})
  Path Group:             (none)
  Path Type:              Hold (Min at Fast Process Corner)
  Data Path Delay:        0.732ns  (logic 0.143ns (19.565%)  route 0.589ns (80.435%))
  Logic Levels:           1  (IBUF=1)
  Clock Path Skew:        2.050ns (DCD - SCD - CPR)
    Destination Clock Delay (DCD):    2.050ns
    Source Clock Delay      (SCD):    0.000ns
    Clock Pessimism Removal (CPR):    -0.000ns

    Location             Delay type                Incr(ns)  Path(ns)    Netlist Resource(s)
  -------------------------------------------------------------------    -------------------
    T6                                                0.000     0.000 r  b_data[3]
                         net (fo=0)                   0.000     0.000    b_data[3]
    T6                   IBUF (Prop_ibuf_I_O)         0.143     0.143 r  b_data_IBUF[3]_inst/O
                         net (fo=1, routed)           0.589     0.732    b_mem_reg_0_63_3_5/DIA
    SLICE_X4Y26          RAMD64E                                      r  b_mem_reg_0_63_3_5/RAMA/I
  -------------------------------------------------------------------    -------------------

                         (clock clk rise edge)        0.000     0.000 r  <hidden>
    AA9                                               0.000     0.000 r  clk
                         net (fo=0)                   0.000     0.000    clk
    AA9                  IBUF (Prop_ibuf_I_O)         0.425     0.425 r  clk_IBUF_inst/O
                         net (fo=1, routed)           0.719     1.144    clk_IBUF
    BUFGCTRL_X0Y0        BUFG (Prop_bufg_I_O)         0.029     1.173 r  clk_IBUF_BUFG_inst/O
                         net (fo=226, routed)         0.877     2.050    b_mem_reg_0_63_3_5/WCLK
    SLICE_X4Y26          RAMD64E                                      r  b_mem_reg_0_63_3_5/RAMA/CLK

Slack:                    inf
  Source:                 a_data[6]
                            (input port)
  Destination:            a_mem_reg_0_63_6_7/RAMA/I
                            (rising edge-triggered cell RAMD64E clocked by clk  {rise@0.000ns fall@5.000ns period=10.000ns})
  Path Group:             (none)
  Path Type:              Hold (Min at Fast Process Corner)
  Data Path Delay:        0.754ns  (logic 0.146ns (19.384%)  route 0.607ns (80.616%))
  Logic Levels:           1  (IBUF=1)
  Clock Path Skew:        2.049ns (DCD - SCD - CPR)
    Destination Clock Delay (DCD):    2.049ns
    Source Clock Delay      (SCD):    0.000ns
    Clock Pessimism Removal (CPR):    -0.000ns

    Location             Delay type                Incr(ns)  Path(ns)    Netlist Resource(s)
  -------------------------------------------------------------------    -------------------
    U6                                                0.000     0.000 r  a_data[6]
                         net (fo=0)                   0.000     0.000    a_data[6]
    U6                   IBUF (Prop_ibuf_I_O)         0.146     0.146 r  a_data_IBUF[6]_inst/O
                         net (fo=1, routed)           0.607     0.754    a_mem_reg_0_63_6_7/DIA
    SLICE_X6Y24          RAMD64E                                      r  a_mem_reg_0_63_6_7/RAMA/I
  -------------------------------------------------------------------    -------------------

                         (clock clk rise edge)        0.000     0.000 r  <hidden>
    AA9                                               0.000     0.000 r  clk
                         net (fo=0)                   0.000     0.000    clk
    AA9                  IBUF (Prop_ibuf_I_O)         0.425     0.425 r  clk_IBUF_inst/O
                         net (fo=1, routed)           0.719     1.144    clk_IBUF
    BUFGCTRL_X0Y0        BUFG (Prop_bufg_I_O)         0.029     1.173 r  clk_IBUF_BUFG_inst/O
                         net (fo=226, routed)         0.876     2.049    a_mem_reg_0_63_6_7/WCLK
    SLICE_X6Y24          RAMD64E                                      r  a_mem_reg_0_63_6_7/RAMA/CLK





